[
 {
   "sikartId":6001473,
   "TITEL":"Genfersee von Chexbres aus",
   "JAHR":1911,
   "URL":"http://server1102.cs.technik.fhnw.ch/bilder/017703E2.jpg",
   "NAMIDENT":"Hodler, Ferdinand"
 },
 {
   "sikartId":13741232,
   "TITEL":"Chalet am Lauerzersee, im Hintergrund die Mythen",
   "JAHR":1886,
   "URL":"http://server1102.cs.technik.fhnw.ch/bilder/1302040009DS1.jpg",
   "NAMIDENT":"Hodler, Ferdinand"
 },
 {
   "sikartId":13815863,
   "TITEL":"Kompositionsskizze «Le Soir»",
   "JAHR":1894,
   "URL":"http://server1102.cs.technik.fhnw.ch/bilder/1308140005D1.jpg",
   "NAMIDENT":"Hodler, Ferdinand"
 },
 {
   "sikartId":6005162,
   "TITEL":"Schnee im Engadin",
   "JAHR":1907,
   "URL":"http://server1102.cs.technik.fhnw.ch/bilder/013211E1.jpg",
   "NAMIDENT":"Hodler, Ferdinand"
 },
 {
   "sikartId":6005166,
   "TITEL":"Am Ufer der Maggia",
   "JAHR":1893,
   "URL":"http://server1102.cs.technik.fhnw.ch/bilder/36026D1.jpg",
   "NAMIDENT":"Hodler, Ferdinand"
 },
 {
   "sikartId":13815709,
   "TITEL":"Ideenskizze zu «Die Eurhythmie»",
   "JAHR":1892,
   "URL":"http://server1102.cs.technik.fhnw.ch/bilder/1308140002D1.jpg",
   "NAMIDENT":"Hodler, Ferdinand"
 },
 {
   "sikartId":6005415,
   "TITEL":"Weg mit Bäumen [Baden bei Wien]",
   "JAHR":1904,
   "URL":"http://server1102.cs.technik.fhnw.ch/bilder/8633SC1.jpg",
   "NAMIDENT":"Hodler, Ferdinand"
 },
 {
   "sikartId":6004926,
   "TITEL":"Blick auf Thuner- und Brienzersee",
   "JAHR":1887,
   "URL":"http://server1102.cs.technik.fhnw.ch/bilder/3999CE1.jpg",
   "NAMIDENT":"Hodler, Ferdinand"
 },
 {
   "sikartId":6004928,
   "TITEL":"Chalet bei Hilterfingen",
   "JAHR":1870,
   "URL":"http://server1102.cs.technik.fhnw.ch/bilder/7326C1.jpg",
   "NAMIDENT":"Hodler, Ferdinand"
 },
 {
   "sikartId":6005294,
   "TITEL":"Die schwarze Lütschine",
   "JAHR":null,
   "URL":"http://server1102.cs.technik.fhnw.ch/bilder/61526S1.jpg",
   "NAMIDENT":"Hodler, Ferdinand"
 },
 {
   "sikartId":6004957,
   "TITEL":"Thunersee von Breitlauenen aus",
   "JAHR":1906,
   "URL":"http://server1102.cs.technik.fhnw.ch/bilder/8556S1.jpg",
   "NAMIDENT":"Hodler, Ferdinand"
 },
 {
   "sikartId":6004784,
   "TITEL":"Krieger mit Hellebarde",
   "JAHR":1895,
   "URL":"http://server1102.cs.technik.fhnw.ch/bilder/075597E1.jpg",
   "NAMIDENT":"Hodler, Ferdinand"
 },
 {
   "sikartId":6005081,
   "TITEL":"Die Strasse nach Evordes",
   "JAHR":1890,
   "URL":"http://server1102.cs.technik.fhnw.ch/bilder/13292DS1.jpg",
   "NAMIDENT":"Hodler, Ferdinand"
 },
 {
   "sikartId":6005082,
   "TITEL":"Die Strasse nach Evordes",
   "JAHR":1890,
   "URL":"http://server1102.cs.technik.fhnw.ch/bilder/15018DS2.jpg",
   "NAMIDENT":"Hodler, Ferdinand"
 },
 {
   "sikartId":6005295,
   "TITEL":"Flusslandschaft im Kanton Bern",
   "JAHR":null,
   "URL":"http://server1102.cs.technik.fhnw.ch/bilder/4023S1.jpg",
   "NAMIDENT":"Hodler, Ferdinand"
 },
 {
   "sikartId":6005419,
   "TITEL":"Waldinneres",
   "JAHR":1903,
   "URL":"http://server1102.cs.technik.fhnw.ch/bilder/9160S1.jpg",
   "NAMIDENT":"Hodler, Ferdinand"
 },
 {
   "sikartId":6005420,
   "TITEL":"Bäumchen",
   "JAHR":1915,
   "URL":"http://server1102.cs.technik.fhnw.ch/bilder/9250E1.jpg",
   "NAMIDENT":"Hodler, Ferdinand"
 },
 {
   "sikartId":6005424,
   "TITEL":"Waldinneres bei Reichenbach",
   "JAHR":1903,
   "URL":"http://server1102.cs.technik.fhnw.ch/bilder/9276DS1.jpg",
   "NAMIDENT":"Hodler, Ferdinand"
 },
 {
   "sikartId":6005315,
   "TITEL":"Herbstabend",
   "JAHR":1892,
   "URL":"http://server1102.cs.technik.fhnw.ch/bilder/716CE1.jpg",
   "NAMIDENT":"Hodler, Ferdinand"
 },
 {
   "sikartId":6004796,
   "TITEL":"Die Schynige Platte",
   "JAHR":1909,
   "URL":"http://server1102.cs.technik.fhnw.ch/bilder/071425E1.jpg",
   "NAMIDENT":"Hodler, Ferdinand"
 }
]