[
 {
   "sikartId":6004325,
   "TITEL":"Landschaft",
   "JAHR":1910,
   "URL":"http://server1102.cs.technik.fhnw.ch/bilder/51259DS1.jpg",
   "NAMIDENT":"Barraud, Maurice"
 },
 {
   "sikartId":12431006,
   "TITEL":"Mlle de Saussure",
   "JAHR":1910,
   "URL":"http://server1102.cs.technik.fhnw.ch/bilder/91392D1.jpg",
   "NAMIDENT":"Barraud, Maurice"
 },
 {
   "sikartId":9951687,
   "TITEL":"Ohne Titel",
   "JAHR":1910,
   "URL":"http://server1102.cs.technik.fhnw.ch/bilder/61656E1.jpg",
   "NAMIDENT":"Graeser, Camille Louis"
 },
 {
   "sikartId":11434701,
   "TITEL":"Il frumento",
   "JAHR":1910,
   "URL":"http://server1102.cs.technik.fhnw.ch/bilder/86530CE1.jpg",
   "NAMIDENT":"Rossi, Luigi"
 },
 {
   "sikartId":11434723,
   "TITEL":"Passeggiata domenicale. Costa dell'Atlantico",
   "JAHR":1910,
   "URL":"http://server1102.cs.technik.fhnw.ch/bilder/86531CE1.jpg",
   "NAMIDENT":"Rossi, Luigi"
 },
 {
   "sikartId":9944764,
   "TITEL":"Der Sammler",
   "JAHR":1910,
   "URL":"http://server1102.cs.technik.fhnw.ch/bilder/35038S1.jpg",
   "NAMIDENT":"Frei-Wenk, Hans"
 },
 {
   "sikartId":11754932,
   "TITEL":"Drei Jünglinge",
   "JAHR":1910,
   "URL":"http://server1102.cs.technik.fhnw.ch/bilder/88833E1.jpg",
   "NAMIDENT":"Huber, Hermann"
 },
 {
   "sikartId":9959347,
   "TITEL":"Drei Musikantinnen mit Mandelaugen vor grüner Landschaft",
   "JAHR":1910,
   "URL":"http://server1102.cs.technik.fhnw.ch/bilder/30017C1.jpg",
   "NAMIDENT":"Huber, Hermann"
 },
 {
   "sikartId":14076456,
   "TITEL":"Figürliche Komposition",
   "JAHR":1910,
   "URL":"http://server1102.cs.technik.fhnw.ch/bilder/1503130015DS1.jpg",
   "NAMIDENT":"Huber, Hermann"
 },
 {
   "sikartId":10126717,
   "TITEL":"Le Pont de Fer",
   "JAHR":1910,
   "URL":"http://server1102.cs.technik.fhnw.ch/bilder/48940DS1.jpg",
   "NAMIDENT":"Morach, Otto"
 },
 {
   "sikartId":10128221,
   "TITEL":"Banlieue de Paris",
   "JAHR":1910,
   "URL":"http://server1102.cs.technik.fhnw.ch/bilder/48943DS1.jpg",
   "NAMIDENT":"Morach, Otto"
 },
 {
   "sikartId":10124890,
   "TITEL":"Industriequartier",
   "JAHR":1910,
   "URL":"http://server1102.cs.technik.fhnw.ch/bilder/28716C1.jpg",
   "NAMIDENT":"Morach, Otto"
 },
 {
   "sikartId":9971107,
   "TITEL":"Gelbe Scheune II",
   "JAHR":1910,
   "URL":"http://server1102.cs.technik.fhnw.ch/bilder/55862C1.jpg",
   "NAMIDENT":"Kündig, Reinhold"
 },
 {
   "sikartId":11635436,
   "TITEL":"Selbstporträt",
   "JAHR":1910,
   "URL":"http://server1102.cs.technik.fhnw.ch/bilder/87692D1.jpg",
   "NAMIDENT":"Kündig, Reinhold"
 },
 {
   "sikartId":12969678,
   "TITEL":"In der Sonne",
   "JAHR":1910,
   "URL":"http://server1102.cs.technik.fhnw.ch/bilder/97524DS2.jpg",
   "NAMIDENT":"Kündig, Reinhold"
 },
 {
   "sikartId":11635357,
   "TITEL":"Abstrakte Landschaft",
   "JAHR":1910,
   "URL":"http://server1102.cs.technik.fhnw.ch/bilder/87691D1.jpg",
   "NAMIDENT":"Kündig, Reinhold"
 },
 {
   "sikartId":11638471,
   "TITEL":"Les tournesols",
   "JAHR":1910,
   "URL":"http://server1102.cs.technik.fhnw.ch/bilder/88112D1.jpg",
   "NAMIDENT":"Biéler, Ernest"
 },
 {
   "sikartId":12476207,
   "TITEL":"Le vigneron",
   "JAHR":1910,
   "URL":"http://server1102.cs.technik.fhnw.ch/bilder/91830D1.jpg",
   "NAMIDENT":"Biéler, Ernest"
 },
 {
   "sikartId":14024793,
   "TITEL":"Saviésan à la pipe",
   "JAHR":1910,
   "URL":"http://server1102.cs.technik.fhnw.ch/bilder/1412020007D1.jpg",
   "NAMIDENT":"Biéler, Ernest"
 },
 {
   "sikartId":6013359,
   "TITEL":"Brienzersee",
   "JAHR":1910,
   "URL":"http://server1102.cs.technik.fhnw.ch/bilder/9963D1.jpg",
   "NAMIDENT":"Buri, Max Alfred"
 }
]