[
 {
   "sikartId":6005162,
   "TITEL":"Schnee im Engadin",
   "JAHR":1907,
   "URL":"http://server1102.cs.technik.fhnw.ch/bilder/013211E1.jpg",
   "NAMIDENT":"Hodler, Ferdinand",
   "AUSST_DATUM":"8.5.1995-8.7.1995",
   "AUSST_ORT":"Hartford",
   "AUSST_TITEL":"Ferdinand Hodler. Views & Visions"
 },
 {
   "sikartId":6005315,
   "TITEL":"Herbstabend",
   "JAHR":1892,
   "URL":"http://server1102.cs.technik.fhnw.ch/bilder/716CE1.jpg",
   "NAMIDENT":"Hodler, Ferdinand",
   "AUSST_DATUM":"8.5.1995-8.7.1995",
   "AUSST_ORT":"Hartford",
   "AUSST_TITEL":"Ferdinand Hodler. Views & Visions"
 },
 {
   "sikartId":6004796,
   "TITEL":"Die Schynige Platte",
   "JAHR":1909,
   "URL":"http://server1102.cs.technik.fhnw.ch/bilder/071425E1.jpg",
   "NAMIDENT":"Hodler, Ferdinand",
   "AUSST_DATUM":"8.5.1995-8.7.1995",
   "AUSST_ORT":"Hartford",
   "AUSST_TITEL":"Ferdinand Hodler. Views & Visions"
 },
 {
   "sikartId":6005005,
   "TITEL":"Genfersee mit Mont-Blanc am frühen Morgen",
   "JAHR":1918,
   "URL":"http://server1102.cs.technik.fhnw.ch/bilder/9264E2.jpg",
   "NAMIDENT":"Hodler, Ferdinand",
   "AUSST_DATUM":"8.5.1995-8.7.1995",
   "AUSST_ORT":"Hartford",
   "AUSST_TITEL":"Ferdinand Hodler. Views & Visions"
 },
 {
   "sikartId":6005789,
   "TITEL":"Der Mäher",
   "JAHR":1910,
   "URL":"http://server1102.cs.technik.fhnw.ch/bilder/026466E1.jpg",
   "NAMIDENT":"Hodler, Ferdinand",
   "AUSST_DATUM":"8.5.1995-8.7.1995",
   "AUSST_ORT":"Hartford",
   "AUSST_TITEL":"Ferdinand Hodler. Views & Visions"
 },
 {
   "sikartId":6005790,
   "TITEL":"Sinnender Greis am Tisch",
   "JAHR":1885,
   "URL":"http://server1102.cs.technik.fhnw.ch/bilder/027190E1.jpg",
   "NAMIDENT":"Hodler, Ferdinand",
   "AUSST_DATUM":"8.5.1995-8.7.1995",
   "AUSST_ORT":"Hartford",
   "AUSST_TITEL":"Ferdinand Hodler. Views & Visions"
 },
 {
   "sikartId":6006426,
   "TITEL":"Die Pension",
   "JAHR":1879,
   "URL":"http://server1102.cs.technik.fhnw.ch/bilder/001582E1.jpg",
   "NAMIDENT":"Hodler, Ferdinand",
   "AUSST_DATUM":"8.5.1995-8.7.1995",
   "AUSST_ORT":"Hartford",
   "AUSST_TITEL":"Ferdinand Hodler. Views & Visions"
 },
 {
   "sikartId":6006345,
   "TITEL":"Bildnis Ulrich Wille",
   "JAHR":1915,
   "URL":"http://server1102.cs.technik.fhnw.ch/bilder/000167E1.jpg",
   "NAMIDENT":"Hodler, Ferdinand",
   "AUSST_DATUM":"8.5.1995-8.7.1995",
   "AUSST_ORT":"Hartford",
   "AUSST_TITEL":"Ferdinand Hodler. Views & Visions"
 },
 {
   "sikartId":6006841,
   "TITEL":"Die Andacht",
   "JAHR":1881,
   "URL":"http://server1102.cs.technik.fhnw.ch/bilder/14528E2.jpg",
   "NAMIDENT":"Hodler, Ferdinand",
   "AUSST_DATUM":"8.5.1995-8.7.1995",
   "AUSST_ORT":"Hartford",
   "AUSST_TITEL":"Ferdinand Hodler. Views & Visions"
 },
 {
   "sikartId":6006090,
   "TITEL":"Bildnis Willy Russ-Young",
   "JAHR":1911,
   "URL":"http://server1102.cs.technik.fhnw.ch/bilder/7824CE1.jpg",
   "NAMIDENT":"Hodler, Ferdinand",
   "AUSST_DATUM":"8.5.1995-8.7.1995",
   "AUSST_ORT":"Hartford",
   "AUSST_TITEL":"Ferdinand Hodler. Views & Visions"
 },
 {
   "sikartId":6006851,
   "TITEL":"Aufgehen im All",
   "JAHR":1892,
   "URL":"http://server1102.cs.technik.fhnw.ch/bilder/019350CE1.jpg",
   "NAMIDENT":"Hodler, Ferdinand",
   "AUSST_DATUM":"8.5.1995-8.7.1995",
   "AUSST_ORT":"Hartford",
   "AUSST_TITEL":"Ferdinand Hodler. Views & Visions"
 },
 {
   "sikartId":6007642,
   "TITEL":"Blick ins Unendliche, Einzelfigur",
   "JAHR":1914,
   "URL":"http://server1102.cs.technik.fhnw.ch/bilder/071712E1.jpg",
   "NAMIDENT":"Hodler, Ferdinand",
   "AUSST_DATUM":"8.5.1995-8.7.1995",
   "AUSST_ORT":"Hartford",
   "AUSST_TITEL":"Ferdinand Hodler. Views & Visions"
 },
 {
   "sikartId":6008491,
   "TITEL":"Linienherrlichkeit",
   "JAHR":1909,
   "URL":"http://server1102.cs.technik.fhnw.ch/bilder/038832E1.jpg",
   "NAMIDENT":"Hodler, Ferdinand",
   "AUSST_DATUM":"8.5.1995-8.7.1995",
   "AUSST_ORT":"Hartford",
   "AUSST_TITEL":"Ferdinand Hodler. Views & Visions"
 },
 {
   "sikartId":6008669,
   "TITEL":"Die Wahrheit",
   "JAHR":1903,
   "URL":"http://server1102.cs.technik.fhnw.ch/bilder/023098CE1.jpg",
   "NAMIDENT":"Hodler, Ferdinand",
   "AUSST_DATUM":"8.5.1995-8.7.1995",
   "AUSST_ORT":"Hartford",
   "AUSST_TITEL":"Ferdinand Hodler. Views & Visions"
 },
 {
   "sikartId":6011571,
   "TITEL":"Heilige Stunde",
   "JAHR":1907,
   "URL":"http://server1102.cs.technik.fhnw.ch/bilder/73757CE1.jpg",
   "NAMIDENT":"Hodler, Ferdinand",
   "AUSST_DATUM":"8.5.1995-8.7.1995",
   "AUSST_ORT":"Hartford",
   "AUSST_TITEL":"Ferdinand Hodler. Views & Visions"
 },
 {
   "sikartId":9842145,
   "TITEL":"Weib am Bache",
   "JAHR":1905,
   "URL":"http://server1102.cs.technik.fhnw.ch/bilder/078444CE1.jpg",
   "NAMIDENT":"Hodler, Ferdinand",
   "AUSST_DATUM":"8.5.1995-8.7.1995",
   "AUSST_ORT":"Hartford",
   "AUSST_TITEL":"Ferdinand Hodler. Views & Visions"
 },
 {
   "sikartId":6008360,
   "TITEL":"Die Liebe, Studie",
   "JAHR":1907,
   "URL":"http://server1102.cs.technik.fhnw.ch/bilder/046182E1.jpg",
   "NAMIDENT":"Hodler, Ferdinand",
   "AUSST_DATUM":"8.5.1995-8.7.1995",
   "AUSST_ORT":"Hartford",
   "AUSST_TITEL":"Ferdinand Hodler. Views & Visions"
 },
 {
   "sikartId":9905410,
   "TITEL":"Anbetung",
   "JAHR":1894,
   "URL":"http://server1102.cs.technik.fhnw.ch/bilder/079249CE1.jpg",
   "NAMIDENT":"Hodler, Ferdinand",
   "AUSST_DATUM":"8.5.1995-8.7.1995",
   "AUSST_ORT":"Hartford",
   "AUSST_TITEL":"Ferdinand Hodler. Views & Visions"
 },
 {
   "sikartId":6006237,
   "TITEL":"Bildnis Mathias Morhardt",
   "JAHR":1913,
   "URL":"http://server1102.cs.technik.fhnw.ch/bilder/061421E1.jpg",
   "NAMIDENT":"Hodler, Ferdinand",
   "AUSST_DATUM":"8.5.1995-8.7.1995",
   "AUSST_ORT":"Hartford",
   "AUSST_TITEL":"Ferdinand Hodler. Views & Visions"
 },
 {
   "sikartId":6006417,
   "TITEL":"Bildnis Louise Delphine Duchosal (Mädchen mit der Narzisse)",
   "JAHR":1885,
   "URL":"http://server1102.cs.technik.fhnw.ch/bilder/025554E1.jpg",
   "NAMIDENT":"Hodler, Ferdinand",
   "AUSST_DATUM":"8.5.1995-8.7.1995",
   "AUSST_ORT":"Hartford",
   "AUSST_TITEL":"Ferdinand Hodler. Views & Visions"
 },
 {
   "sikartId":6006688,
   "TITEL":"Die Kunst",
   "JAHR":1897,
   "URL":"http://server1102.cs.technik.fhnw.ch/bilder/51244CE1.jpg",
   "NAMIDENT":"Hodler, Ferdinand",
   "AUSST_DATUM":"8.5.1995-8.7.1995",
   "AUSST_ORT":"Hartford",
   "AUSST_TITEL":"Ferdinand Hodler. Views & Visions"
 },
 {
   "sikartId":6006450,
   "TITEL":"Bildnis Gertrud Müller",
   "JAHR":1911,
   "URL":"http://server1102.cs.technik.fhnw.ch/bilder/41527E3.jpg",
   "NAMIDENT":"Hodler, Ferdinand",
   "AUSST_DATUM":"8.5.1995-8.7.1995",
   "AUSST_ORT":"Hartford",
   "AUSST_TITEL":"Ferdinand Hodler. Views & Visions"
 },
 {
   "sikartId":6006273,
   "TITEL":"Bildnis Valentine Godé-Darel",
   "JAHR":1912,
   "URL":"http://server1102.cs.technik.fhnw.ch/bilder/001228E1.jpg",
   "NAMIDENT":"Hodler, Ferdinand",
   "AUSST_DATUM":"8.5.1995-8.7.1995",
   "AUSST_ORT":"Hartford",
   "AUSST_TITEL":"Ferdinand Hodler. Views & Visions"
 },
 {
   "sikartId":6006467,
   "TITEL":"Bildnis Emma Schmidt-Müller",
   "JAHR":1915,
   "URL":"http://server1102.cs.technik.fhnw.ch/bilder/48676E2.jpg",
   "NAMIDENT":"Hodler, Ferdinand",
   "AUSST_DATUM":"8.5.1995-8.7.1995",
   "AUSST_ORT":"Hartford",
   "AUSST_TITEL":"Ferdinand Hodler. Views & Visions"
 },
 {
   "sikartId":6006402,
   "TITEL":"Bildnis Berthe Hodler-Jacques",
   "JAHR":1898,
   "URL":"http://server1102.cs.technik.fhnw.ch/bilder/15500DS1.jpg",
   "NAMIDENT":"Hodler, Ferdinand",
   "AUSST_DATUM":"8.5.1995-8.7.1995",
   "AUSST_ORT":"Hartford",
   "AUSST_TITEL":"Ferdinand Hodler. Views & Visions"
 },
 {
   "sikartId":6007859,
   "TITEL":"Die Empfindung",
   "JAHR":1911,
   "URL":"http://server1102.cs.technik.fhnw.ch/bilder/011047E1.jpg",
   "NAMIDENT":"Hodler, Ferdinand",
   "AUSST_DATUM":"8.5.1995-8.7.1995",
   "AUSST_ORT":"Hartford",
   "AUSST_TITEL":"Ferdinand Hodler. Views & Visions"
 },
 {
   "sikartId":6008346,
   "TITEL":"Die Lebensmüden",
   "JAHR":1892,
   "URL":"http://server1102.cs.technik.fhnw.ch/bilder/8720E2.jpg",
   "NAMIDENT":"Hodler, Ferdinand",
   "AUSST_DATUM":"8.5.1995-8.7.1995",
   "AUSST_ORT":"Hartford",
   "AUSST_TITEL":"Ferdinand Hodler. Views & Visions"
 },
 {
   "sikartId":6005608,
   "TITEL":"Selbstbildnis (Der Studierende)",
   "JAHR":1874,
   "URL":"http://server1102.cs.technik.fhnw.ch/bilder/000713CE1.jpg",
   "NAMIDENT":"Hodler, Ferdinand",
   "AUSST_DATUM":"8.5.1995-8.7.1995",
   "AUSST_ORT":"Hartford",
   "AUSST_TITEL":"Ferdinand Hodler. Views & Visions"
 },
 {
   "sikartId":6005615,
   "TITEL":"Selbstbildnis",
   "JAHR":1916,
   "URL":"http://server1102.cs.technik.fhnw.ch/bilder/001897E1.jpg",
   "NAMIDENT":"Hodler, Ferdinand",
   "AUSST_DATUM":"8.5.1995-8.7.1995",
   "AUSST_ORT":"Hartford",
   "AUSST_TITEL":"Ferdinand Hodler. Views & Visions"
 },
 {
   "sikartId":6005741,
   "TITEL":"Der Mäher",
   "JAHR":1878,
   "URL":"http://server1102.cs.technik.fhnw.ch/bilder/007820E1.jpg",
   "NAMIDENT":"Hodler, Ferdinand",
   "AUSST_DATUM":"8.5.1995-8.7.1995",
   "AUSST_ORT":"Hartford",
   "AUSST_TITEL":"Ferdinand Hodler. Views & Visions"
 },
 {
   "sikartId":6006302,
   "TITEL":"Bildnis der kranken Valentine Godé-Darel",
   "JAHR":1914,
   "URL":"http://server1102.cs.technik.fhnw.ch/bilder/41533E2.jpg",
   "NAMIDENT":"Hodler, Ferdinand",
   "AUSST_DATUM":"8.5.1995-8.7.1995",
   "AUSST_ORT":"Hartford",
   "AUSST_TITEL":"Ferdinand Hodler. Views & Visions"
 },
 {
   "sikartId":6007981,
   "TITEL":"Entzücktes Weib",
   "JAHR":1911,
   "URL":"http://server1102.cs.technik.fhnw.ch/bilder/41528E2.jpg",
   "NAMIDENT":"Hodler, Ferdinand",
   "AUSST_DATUM":"8.5.1995-8.7.1995",
   "AUSST_ORT":"Hartford",
   "AUSST_TITEL":"Ferdinand Hodler. Views & Visions"
 },
 {
   "sikartId":6008006,
   "TITEL":"Ergriffenheit",
   "JAHR":1894,
   "URL":"http://server1102.cs.technik.fhnw.ch/bilder/053612E1.jpg",
   "NAMIDENT":"Hodler, Ferdinand",
   "AUSST_DATUM":"8.5.1995-8.7.1995",
   "AUSST_ORT":"Hartford",
   "AUSST_TITEL":"Ferdinand Hodler. Views & Visions"
 },
 {
   "sikartId":6008157,
   "TITEL":"Der Frühling",
   "JAHR":1910,
   "URL":"http://server1102.cs.technik.fhnw.ch/bilder/017772E2.jpg",
   "NAMIDENT":"Hodler, Ferdinand",
   "AUSST_DATUM":"8.5.1995-8.7.1995",
   "AUSST_ORT":"Hartford",
   "AUSST_TITEL":"Ferdinand Hodler. Views & Visions"
 },
 {
   "sikartId":6007270,
   "TITEL":"Die Schlacht bei Murten",
   "JAHR":1917,
   "URL":"http://server1102.cs.technik.fhnw.ch/bilder/000205CE1.jpg",
   "NAMIDENT":"Hodler, Ferdinand",
   "AUSST_DATUM":"8.5.1995-8.7.1995",
   "AUSST_ORT":"Hartford",
   "AUSST_TITEL":"Ferdinand Hodler. Views & Visions"
 },
 {
   "sikartId":6011796,
   "TITEL":"Schwinger",
   "JAHR":1895,
   "URL":"http://server1102.cs.technik.fhnw.ch/bilder/008731E1.jpg",
   "NAMIDENT":"Hodler, Ferdinand",
   "AUSST_DATUM":"8.5.1995-8.7.1995",
   "AUSST_ORT":"Hartford",
   "AUSST_TITEL":"Ferdinand Hodler. Views & Visions"
 },
 {
   "sikartId":6004848,
   "TITEL":"Thunersee mit Stockhornkette",
   "JAHR":1904,
   "URL":"http://server1102.cs.technik.fhnw.ch/bilder/51248DS1.jpg",
   "NAMIDENT":"Hodler, Ferdinand",
   "AUSST_DATUM":"8.5.1995-8.7.1995",
   "AUSST_ORT":"Hartford",
   "AUSST_TITEL":"Ferdinand Hodler. Views & Visions"
 },
 {
   "sikartId":6008481,
   "TITEL":"Lied in der Ferne",
   "JAHR":1914,
   "URL":"http://server1102.cs.technik.fhnw.ch/bilder/61518CE1.jpg",
   "NAMIDENT":"Hodler, Ferdinand",
   "AUSST_DATUM":"8.5.1995-8.7.1995",
   "AUSST_ORT":"Hartford",
   "AUSST_TITEL":"Ferdinand Hodler. Views & Visions"
 },
 {
   "sikartId":6006394,
   "TITEL":"Bildnis Emily Russ-Young",
   "JAHR":1917,
   "URL":"http://server1102.cs.technik.fhnw.ch/bilder/11514E2.jpg",
   "NAMIDENT":"Hodler, Ferdinand",
   "AUSST_DATUM":"8.5.1995-8.7.1995",
   "AUSST_ORT":"Hartford",
   "AUSST_TITEL":"Ferdinand Hodler. Views & Visions"
 },
 {
   "sikartId":9905398,
   "TITEL":"Bezauberter Knabe",
   "JAHR":1893,
   "URL":"http://server1102.cs.technik.fhnw.ch/bilder/079248CE1.jpg",
   "NAMIDENT":"Hodler, Ferdinand",
   "AUSST_DATUM":"8.5.1995-8.7.1995",
   "AUSST_ORT":"Hartford",
   "AUSST_TITEL":"Ferdinand Hodler. Views & Visions"
 },
 {
   "sikartId":6005712,
   "TITEL":"Einmütigkeit",
   "JAHR":1912,
   "URL":"http://server1102.cs.technik.fhnw.ch/bilder/25553CE1.jpg",
   "NAMIDENT":"Hodler, Ferdinand",
   "AUSST_DATUM":"8.5.1995-8.7.1995",
   "AUSST_ORT":"Hartford",
   "AUSST_TITEL":"Ferdinand Hodler. Views & Visions"
 },
 {
   "sikartId":6006486,
   "TITEL":"Mutter mit Kind in der Küche",
   "JAHR":1889,
   "URL":"http://server1102.cs.technik.fhnw.ch/bilder/27199DS1.jpg",
   "NAMIDENT":"Hodler, Ferdinand",
   "AUSST_DATUM":"8.5.1995-8.7.1995",
   "AUSST_ORT":"Hartford",
   "AUSST_TITEL":"Ferdinand Hodler. Views & Visions"
 },
 {
   "sikartId":6005421,
   "TITEL":"Der Buchenwald (Le Bois de Châtelaine)",
   "JAHR":1885,
   "URL":"http://server1102.cs.technik.fhnw.ch/bilder/009269E1.jpg",
   "NAMIDENT":"Hodler, Ferdinand",
   "AUSST_DATUM":"8.5.1995-8.7.1995",
   "AUSST_ORT":"Hartford",
   "AUSST_TITEL":"Ferdinand Hodler. Views & Visions"
 },
 {
   "sikartId":6005263,
   "TITEL":"Bachbett am See",
   "JAHR":1905,
   "URL":"http://server1102.cs.technik.fhnw.ch/bilder/009538E2.jpg",
   "NAMIDENT":"Hodler, Ferdinand",
   "AUSST_DATUM":"8.5.1995-8.7.1995",
   "AUSST_ORT":"Hartford",
   "AUSST_TITEL":"Ferdinand Hodler. Views & Visions"
 },
 {
   "sikartId":6006668,
   "TITEL":"Der Traum",
   "JAHR":1897,
   "URL":"http://server1102.cs.technik.fhnw.ch/bilder/008730E1.jpg",
   "NAMIDENT":"Hodler, Ferdinand",
   "AUSST_DATUM":"8.5.1995-8.7.1995",
   "AUSST_ORT":"Hartford",
   "AUSST_TITEL":"Ferdinand Hodler. Views & Visions"
 },
 {
   "sikartId":6005604,
   "TITEL":"Selbstbildnis",
   "JAHR":1912,
   "URL":"http://server1102.cs.technik.fhnw.ch/bilder/000204CE1.jpg",
   "NAMIDENT":"Hodler, Ferdinand",
   "AUSST_DATUM":"8.5.1995-8.7.1995",
   "AUSST_ORT":"Hartford",
   "AUSST_TITEL":"Ferdinand Hodler. Views & Visions"
 },
 {
   "sikartId":6005170,
   "TITEL":"Am Ufer des Manzanares",
   "JAHR":1878,
   "URL":"http://server1102.cs.technik.fhnw.ch/bilder/7826CE1.jpg",
   "NAMIDENT":"Hodler, Ferdinand",
   "AUSST_DATUM":"8.5.1995-8.7.1995",
   "AUSST_ORT":"Hartford",
   "AUSST_TITEL":"Ferdinand Hodler. Views & Visions"
 },
 {
   "sikartId":6006277,
   "TITEL":"Die sterbende Valentine Godé-Darel",
   "JAHR":1915,
   "URL":"http://server1102.cs.technik.fhnw.ch/bilder/15495CE1.jpg",
   "NAMIDENT":"Hodler, Ferdinand",
   "AUSST_DATUM":"8.5.1995-8.7.1995",
   "AUSST_ORT":"Hartford",
   "AUSST_TITEL":"Ferdinand Hodler. Views & Visions"
 },
 {
   "sikartId":6006001,
   "TITEL":"Schreitende, sich umdrehend",
   "JAHR":1910,
   "URL":"http://server1102.cs.technik.fhnw.ch/bilder/017384E1.jpg",
   "NAMIDENT":"Hodler, Ferdinand",
   "AUSST_DATUM":"8.5.1995-8.7.1995",
   "AUSST_ORT":"Hartford",
   "AUSST_TITEL":"Ferdinand Hodler. Views & Visions"
 },
 {
   "sikartId":6007473,
   "TITEL":"Rückzug von Marignano",
   "JAHR":1905,
   "URL":"http://server1102.cs.technik.fhnw.ch/bilder/001879E1.jpg",
   "NAMIDENT":"Hodler, Ferdinand",
   "AUSST_DATUM":"8.5.1995-8.7.1995",
   "AUSST_ORT":"Hartford",
   "AUSST_TITEL":"Ferdinand Hodler. Views & Visions"
 },
 {
   "sikartId":6005738,
   "TITEL":"Ahasver",
   "JAHR":1886,
   "URL":"http://server1102.cs.technik.fhnw.ch/bilder/714DS1.jpg",
   "NAMIDENT":"Hodler, Ferdinand",
   "AUSST_DATUM":"8.5.1995-8.7.1995",
   "AUSST_ORT":"Hartford",
   "AUSST_TITEL":"Ferdinand Hodler. Views & Visions"
 },
 {
   "sikartId":6007054,
   "TITEL":"Einmütigkeit, Redner",
   "JAHR":1913,
   "URL":"http://server1102.cs.technik.fhnw.ch/bilder/43566E2.jpg",
   "NAMIDENT":"Hodler, Ferdinand",
   "AUSST_DATUM":"8.5.1995-8.7.1995",
   "AUSST_ORT":"Hartford",
   "AUSST_TITEL":"Ferdinand Hodler. Views & Visions"
 },
 {
   "sikartId":6004996,
   "TITEL":"Genfersee mit Jura",
   "JAHR":1908,
   "URL":"http://server1102.cs.technik.fhnw.ch/bilder/009249E2.jpg",
   "NAMIDENT":"Hodler, Ferdinand",
   "AUSST_DATUM":"8.5.1995-8.7.1995",
   "AUSST_ORT":"Hartford",
   "AUSST_TITEL":"Ferdinand Hodler. Views & Visions"
 },
 {
   "sikartId":6005245,
   "TITEL":"Die Schwarze Lütschine",
   "JAHR":1905,
   "URL":"http://server1102.cs.technik.fhnw.ch/bilder/1876DS1.jpg",
   "NAMIDENT":"Hodler, Ferdinand",
   "AUSST_DATUM":"8.5.1995-8.7.1995",
   "AUSST_ORT":"Hartford",
   "AUSST_TITEL":"Ferdinand Hodler. Views & Visions"
 },
 {
   "sikartId":6009902,
   "TITEL":"Die Liebe, Studie",
   "JAHR":1907,
   "URL":"http://server1102.cs.technik.fhnw.ch/bilder/073495E1.jpg",
   "NAMIDENT":"Hodler, Ferdinand",
   "AUSST_DATUM":"8.5.1995-8.7.1995",
   "AUSST_ORT":"Hartford",
   "AUSST_TITEL":"Ferdinand Hodler. Views & Visions"
 },
 {
   "sikartId":6004741,
   "TITEL":"Das Breithorn",
   "JAHR":1911,
   "URL":"http://server1102.cs.technik.fhnw.ch/bilder/009195E1.jpg",
   "NAMIDENT":"Hodler, Ferdinand",
   "AUSST_DATUM":"8.5.1995-8.7.1995",
   "AUSST_ORT":"Hartford",
   "AUSST_TITEL":"Ferdinand Hodler. Views & Visions"
 },
 {
   "sikartId":6005086,
   "TITEL":"Frühlingswiese am Salève",
   "JAHR":1888,
   "URL":"http://server1102.cs.technik.fhnw.ch/bilder/023381E2.jpg",
   "NAMIDENT":"Hodler, Ferdinand",
   "AUSST_DATUM":"8.5.1995-8.7.1995",
   "AUSST_ORT":"Hartford",
   "AUSST_TITEL":"Ferdinand Hodler. Views & Visions"
 },
 {
   "sikartId":6008386,
   "TITEL":"Der Holzfäller",
   "JAHR":1910,
   "URL":"http://server1102.cs.technik.fhnw.ch/bilder/040451E1.jpg",
   "NAMIDENT":"Hodler, Ferdinand",
   "AUSST_DATUM":"8.5.1995-8.7.1995",
   "AUSST_ORT":"Hartford",
   "AUSST_TITEL":"Ferdinand Hodler. Views & Visions"
 },
 {
   "sikartId":6005048,
   "TITEL":"Der Grammont",
   "JAHR":1905,
   "URL":"http://server1102.cs.technik.fhnw.ch/bilder/041116E1.jpg",
   "NAMIDENT":"Hodler, Ferdinand",
   "AUSST_DATUM":"8.5.1995-8.7.1995",
   "AUSST_ORT":"Hartford",
   "AUSST_TITEL":"Ferdinand Hodler. Views & Visions"
 },
 {
   "sikartId":6004886,
   "TITEL":"Thunersee mit Niesen",
   "JAHR":1910,
   "URL":"http://server1102.cs.technik.fhnw.ch/bilder/009178E1.jpg",
   "NAMIDENT":"Hodler, Ferdinand",
   "AUSST_DATUM":"8.5.1998-20.6.1998",
   "AUSST_ORT":"St. Gallen",
   "AUSST_TITEL":"Ferdinand Hodler. Sammlung Thomas Schmidheiny"
 },
 {
   "sikartId":6004839,
   "TITEL":"Thunersee mit Stockhornkette in Wolken",
   "JAHR":1912,
   "URL":"http://server1102.cs.technik.fhnw.ch/bilder/009232E1.jpg",
   "NAMIDENT":"Hodler, Ferdinand",
   "AUSST_DATUM":"8.5.1998-20.6.1998",
   "AUSST_ORT":"St. Gallen",
   "AUSST_TITEL":"Ferdinand Hodler. Sammlung Thomas Schmidheiny"
 },
 {
   "sikartId":6005091,
   "TITEL":"Weiden an der Jonction",
   "JAHR":1878,
   "URL":"http://server1102.cs.technik.fhnw.ch/bilder/033942E1.jpg",
   "NAMIDENT":"Hodler, Ferdinand",
   "AUSST_DATUM":"8.5.1998-20.6.1998",
   "AUSST_ORT":"St. Gallen",
   "AUSST_TITEL":"Ferdinand Hodler. Sammlung Thomas Schmidheiny"
 },
 {
   "sikartId":6005278,
   "TITEL":"Mühlebach bei Langenthal",
   "JAHR":1876,
   "URL":"http://server1102.cs.technik.fhnw.ch/bilder/040459E1.jpg",
   "NAMIDENT":"Hodler, Ferdinand",
   "AUSST_DATUM":"8.5.1998-20.6.1998",
   "AUSST_ORT":"St. Gallen",
   "AUSST_TITEL":"Ferdinand Hodler. Sammlung Thomas Schmidheiny"
 },
 {
   "sikartId":6004777,
   "TITEL":"Gantrischkette",
   "JAHR":1901,
   "URL":"http://server1102.cs.technik.fhnw.ch/bilder/035302E1.jpg",
   "NAMIDENT":"Hodler, Ferdinand",
   "AUSST_DATUM":"8.5.1998-20.6.1998",
   "AUSST_ORT":"St. Gallen",
   "AUSST_TITEL":"Ferdinand Hodler. Sammlung Thomas Schmidheiny"
 },
 {
   "sikartId":6005456,
   "TITEL":"Landschaft mit zwei kleinen Bäumen",
   "JAHR":null,
   "URL":"http://server1102.cs.technik.fhnw.ch/bilder/040460E1.jpg",
   "NAMIDENT":"Hodler, Ferdinand",
   "AUSST_DATUM":"8.5.1998-20.6.1998",
   "AUSST_ORT":"St. Gallen",
   "AUSST_TITEL":"Ferdinand Hodler. Sammlung Thomas Schmidheiny"
 },
 {
   "sikartId":6005617,
   "TITEL":"Selbstbildnis",
   "JAHR":1917,
   "URL":"http://server1102.cs.technik.fhnw.ch/bilder/007821E2.jpg",
   "NAMIDENT":"Hodler, Ferdinand",
   "AUSST_DATUM":"8.5.1998-20.6.1998",
   "AUSST_ORT":"St. Gallen",
   "AUSST_TITEL":"Ferdinand Hodler. Sammlung Thomas Schmidheiny"
 },
 {
   "sikartId":6005678,
   "TITEL":"Selbstbildnis (mit Federhut und Pfeife)",
   "JAHR":1875,
   "URL":"http://server1102.cs.technik.fhnw.ch/bilder/021912E2.jpg",
   "NAMIDENT":"Hodler, Ferdinand",
   "AUSST_DATUM":"8.5.1998-20.6.1998",
   "AUSST_ORT":"St. Gallen",
   "AUSST_TITEL":"Ferdinand Hodler. Sammlung Thomas Schmidheiny"
 },
 {
   "sikartId":6006218,
   "TITEL":"Bildnis Mathias Morhardt",
   "JAHR":1911,
   "URL":"http://server1102.cs.technik.fhnw.ch/bilder/040450E1.jpg",
   "NAMIDENT":"Hodler, Ferdinand",
   "AUSST_DATUM":"8.5.1998-20.6.1998",
   "AUSST_ORT":"St. Gallen",
   "AUSST_TITEL":"Ferdinand Hodler. Sammlung Thomas Schmidheiny"
 },
 {
   "sikartId":6006841,
   "TITEL":"Die Andacht",
   "JAHR":1881,
   "URL":"http://server1102.cs.technik.fhnw.ch/bilder/14528E2.jpg",
   "NAMIDENT":"Hodler, Ferdinand",
   "AUSST_DATUM":"8.5.1998-20.6.1998",
   "AUSST_ORT":"St. Gallen",
   "AUSST_TITEL":"Ferdinand Hodler. Sammlung Thomas Schmidheiny"
 },
 {
   "sikartId":6007853,
   "TITEL":"Schreitendes Weib",
   "JAHR":1910,
   "URL":"http://server1102.cs.technik.fhnw.ch/bilder/001890E1.jpg",
   "NAMIDENT":"Hodler, Ferdinand",
   "AUSST_DATUM":"8.5.1998-20.6.1998",
   "AUSST_ORT":"St. Gallen",
   "AUSST_TITEL":"Ferdinand Hodler. Sammlung Thomas Schmidheiny"
 },
 {
   "sikartId":9899083,
   "TITEL":"Der Angler",
   "JAHR":1879,
   "URL":"http://server1102.cs.technik.fhnw.ch/bilder/079203E1.jpg",
   "NAMIDENT":"Hodler, Ferdinand",
   "AUSST_DATUM":"8.5.1998-20.6.1998",
   "AUSST_ORT":"St. Gallen",
   "AUSST_TITEL":"Ferdinand Hodler. Sammlung Thomas Schmidheiny"
 },
 {
   "sikartId":6007010,
   "TITEL":"Einmütigkeit",
   "JAHR":1913,
   "URL":"http://server1102.cs.technik.fhnw.ch/bilder/040456E1.jpg",
   "NAMIDENT":"Hodler, Ferdinand",
   "AUSST_DATUM":"8.5.1998-20.6.1998",
   "AUSST_ORT":"St. Gallen",
   "AUSST_TITEL":"Ferdinand Hodler. Sammlung Thomas Schmidheiny"
 },
 {
   "sikartId":6005802,
   "TITEL":"Der Netzflicker",
   "JAHR":1883,
   "URL":"http://server1102.cs.technik.fhnw.ch/bilder/043562E1.jpg",
   "NAMIDENT":"Hodler, Ferdinand",
   "AUSST_DATUM":"8.5.1998-20.6.1998",
   "AUSST_ORT":"St. Gallen",
   "AUSST_TITEL":"Ferdinand Hodler. Sammlung Thomas Schmidheiny"
 },
 {
   "sikartId":6004733,
   "TITEL":"Die Aare bei Solothurn",
   "JAHR":null,
   "URL":"http://server1102.cs.technik.fhnw.ch/bilder/007822E1.jpg",
   "NAMIDENT":"Hodler, Ferdinand",
   "AUSST_DATUM":"8.5.1998-20.6.1998",
   "AUSST_ORT":"St. Gallen",
   "AUSST_TITEL":"Ferdinand Hodler. Sammlung Thomas Schmidheiny"
 },
 {
   "sikartId":6007859,
   "TITEL":"Die Empfindung",
   "JAHR":1911,
   "URL":"http://server1102.cs.technik.fhnw.ch/bilder/011047E1.jpg",
   "NAMIDENT":"Hodler, Ferdinand",
   "AUSST_DATUM":"8.5.1998-20.6.1998",
   "AUSST_ORT":"St. Gallen",
   "AUSST_TITEL":"Ferdinand Hodler. Sammlung Thomas Schmidheiny"
 },
 {
   "sikartId":6005741,
   "TITEL":"Der Mäher",
   "JAHR":1878,
   "URL":"http://server1102.cs.technik.fhnw.ch/bilder/007820E1.jpg",
   "NAMIDENT":"Hodler, Ferdinand",
   "AUSST_DATUM":"8.5.1998-20.6.1998",
   "AUSST_ORT":"St. Gallen",
   "AUSST_TITEL":"Ferdinand Hodler. Sammlung Thomas Schmidheiny"
 },
 {
   "sikartId":6008157,
   "TITEL":"Der Frühling",
   "JAHR":1910,
   "URL":"http://server1102.cs.technik.fhnw.ch/bilder/017772E2.jpg",
   "NAMIDENT":"Hodler, Ferdinand",
   "AUSST_DATUM":"8.5.1998-20.6.1998",
   "AUSST_ORT":"St. Gallen",
   "AUSST_TITEL":"Ferdinand Hodler. Sammlung Thomas Schmidheiny"
 },
 {
   "sikartId":6004804,
   "TITEL":"Der Mönch mit Wolken",
   "JAHR":1911,
   "URL":"http://server1102.cs.technik.fhnw.ch/bilder/001614E1.jpg",
   "NAMIDENT":"Hodler, Ferdinand",
   "AUSST_DATUM":"8.5.1998-20.6.1998",
   "AUSST_ORT":"St. Gallen",
   "AUSST_TITEL":"Ferdinand Hodler. Sammlung Thomas Schmidheiny"
 },
 {
   "sikartId":6006521,
   "TITEL":"Bildnis Gertrud Müller",
   "JAHR":1911,
   "URL":"http://server1102.cs.technik.fhnw.ch/bilder/062373E1.jpg",
   "NAMIDENT":"Hodler, Ferdinand",
   "AUSST_DATUM":"8.5.1998-20.6.1998",
   "AUSST_ORT":"St. Gallen",
   "AUSST_TITEL":"Ferdinand Hodler. Sammlung Thomas Schmidheiny"
 },
 {
   "sikartId":6005092,
   "TITEL":"Samoëns",
   "JAHR":1882,
   "URL":"http://server1102.cs.technik.fhnw.ch/bilder/035669E1.jpg",
   "NAMIDENT":"Hodler, Ferdinand",
   "AUSST_DATUM":"8.5.1998-20.6.1998",
   "AUSST_ORT":"St. Gallen",
   "AUSST_TITEL":"Ferdinand Hodler. Sammlung Thomas Schmidheiny"
 },
 {
   "sikartId":9634253,
   "TITEL":"Der Grammont",
   "JAHR":1906,
   "URL":"http://server1102.cs.technik.fhnw.ch/bilder/075600E1.jpg",
   "NAMIDENT":"Hodler, Ferdinand",
   "AUSST_DATUM":"8.5.1998-20.6.1998",
   "AUSST_ORT":"St. Gallen",
   "AUSST_TITEL":"Ferdinand Hodler. Sammlung Thomas Schmidheiny"
 },
 {
   "sikartId":6005123,
   "TITEL":"Blick von Montana gegen Tour Noir, Aiguilles d'Argentière und Chardonnet",
   "JAHR":1915,
   "URL":"http://server1102.cs.technik.fhnw.ch/bilder/009255E1.jpg",
   "NAMIDENT":"Hodler, Ferdinand",
   "AUSST_DATUM":"8.5.1998-20.6.1998",
   "AUSST_ORT":"St. Gallen",
   "AUSST_TITEL":"Ferdinand Hodler. Sammlung Thomas Schmidheiny"
 },
 {
   "sikartId":6005050,
   "TITEL":"Weidenbaum am Genfersee",
   "JAHR":1891,
   "URL":"http://server1102.cs.technik.fhnw.ch/bilder/043564E1.jpg",
   "NAMIDENT":"Hodler, Ferdinand",
   "AUSST_DATUM":"8.5.1998-20.6.1998",
   "AUSST_ORT":"St. Gallen",
   "AUSST_TITEL":"Ferdinand Hodler. Sammlung Thomas Schmidheiny"
 },
 {
   "sikartId":6006089,
   "TITEL":"Bildnis Georges Navazza",
   "JAHR":1916,
   "URL":"http://server1102.cs.technik.fhnw.ch/bilder/007107E1.jpg",
   "NAMIDENT":"Hodler, Ferdinand",
   "AUSST_DATUM":"8.5.1998-20.6.1998",
   "AUSST_ORT":"St. Gallen",
   "AUSST_TITEL":"Ferdinand Hodler. Sammlung Thomas Schmidheiny"
 },
 {
   "sikartId":6004999,
   "TITEL":"Genfersee mit Mont-Blanc am Nachmittag (März)",
   "JAHR":1918,
   "URL":"http://server1102.cs.technik.fhnw.ch/bilder/9260E2.jpg",
   "NAMIDENT":"Hodler, Ferdinand",
   "AUSST_DATUM":"8.5.1998-20.6.1998",
   "AUSST_ORT":"St. Gallen",
   "AUSST_TITEL":"Ferdinand Hodler. Sammlung Thomas Schmidheiny"
 },
 {
   "sikartId":6004775,
   "TITEL":"Die Niesen-Kette von Reichenbach aus",
   "JAHR":1902,
   "URL":"http://server1102.cs.technik.fhnw.ch/bilder/031457E1.jpg",
   "NAMIDENT":"Hodler, Ferdinand",
   "AUSST_DATUM":"8.5.1998-20.6.1998",
   "AUSST_ORT":"St. Gallen",
   "AUSST_TITEL":"Ferdinand Hodler. Sammlung Thomas Schmidheiny"
 },
 {
   "sikartId":6004850,
   "TITEL":"Thunersee mit Stockhornkette am Abend",
   "JAHR":1910,
   "URL":"http://server1102.cs.technik.fhnw.ch/bilder/058847E1.jpg",
   "NAMIDENT":"Hodler, Ferdinand",
   "AUSST_DATUM":"8.5.1998-20.6.1998",
   "AUSST_ORT":"St. Gallen",
   "AUSST_TITEL":"Ferdinand Hodler. Sammlung Thomas Schmidheiny"
 },
 {
   "sikartId":6006390,
   "TITEL":"Näherin",
   "JAHR":1885,
   "URL":"http://server1102.cs.technik.fhnw.ch/bilder/008729E1.jpg",
   "NAMIDENT":"Hodler, Ferdinand",
   "AUSST_DATUM":"8.5.1998-20.6.1998",
   "AUSST_ORT":"St. Gallen",
   "AUSST_TITEL":"Ferdinand Hodler. Sammlung Thomas Schmidheiny"
 },
 {
   "sikartId":6008726,
   "TITEL":"Die Quelle",
   "JAHR":1904,
   "URL":"http://server1102.cs.technik.fhnw.ch/bilder/040454E1.jpg",
   "NAMIDENT":"Hodler, Ferdinand",
   "AUSST_DATUM":"8.5.1998-20.6.1998",
   "AUSST_ORT":"St. Gallen",
   "AUSST_TITEL":"Ferdinand Hodler. Sammlung Thomas Schmidheiny"
 },
 {
   "sikartId":6005093,
   "TITEL":"Am Fuss des Petit Salève",
   "JAHR":1890,
   "URL":"http://server1102.cs.technik.fhnw.ch/bilder/040458E1.jpg",
   "NAMIDENT":"Hodler, Ferdinand",
   "AUSST_DATUM":"8.5.1998-20.6.1998",
   "AUSST_ORT":"St. Gallen",
   "AUSST_TITEL":"Ferdinand Hodler. Sammlung Thomas Schmidheiny"
 },
 {
   "sikartId":6006404,
   "TITEL":"Bildnis Letizia Raviola",
   "JAHR":1916,
   "URL":"http://server1102.cs.technik.fhnw.ch/bilder/018081E1.jpg",
   "NAMIDENT":"Hodler, Ferdinand",
   "AUSST_DATUM":"8.5.1998-20.6.1998",
   "AUSST_ORT":"St. Gallen",
   "AUSST_TITEL":"Ferdinand Hodler. Sammlung Thomas Schmidheiny"
 },
 {
   "sikartId":6008386,
   "TITEL":"Der Holzfäller",
   "JAHR":1910,
   "URL":"http://server1102.cs.technik.fhnw.ch/bilder/040451E1.jpg",
   "NAMIDENT":"Hodler, Ferdinand",
   "AUSST_DATUM":"8.5.1998-20.6.1998",
   "AUSST_ORT":"St. Gallen",
   "AUSST_TITEL":"Ferdinand Hodler. Sammlung Thomas Schmidheiny"
 },
 {
   "sikartId":6005175,
   "TITEL":"Landschaft bei Madrid",
   "JAHR":1878,
   "URL":"http://server1102.cs.technik.fhnw.ch/bilder/043563E4.jpg",
   "NAMIDENT":"Hodler, Ferdinand",
   "AUSST_DATUM":"8.5.1998-20.6.1998",
   "AUSST_ORT":"St. Gallen",
   "AUSST_TITEL":"Ferdinand Hodler. Sammlung Thomas Schmidheiny"
 },
 {
   "sikartId":6005259,
   "TITEL":"Tanne am Bach",
   "JAHR":1910,
   "URL":"http://server1102.cs.technik.fhnw.ch/bilder/009180E1.jpg",
   "NAMIDENT":"Hodler, Ferdinand",
   "AUSST_DATUM":"28.5.1983-19.6.1983",
   "AUSST_ORT":"Staad",
   "AUSST_TITEL":"F. Hodler. Aus Ostschweizer Privatsammlungen. Ausstellung zum 10 Jahr-Jubiläum"
 },
 {
   "sikartId":6004777,
   "TITEL":"Gantrischkette",
   "JAHR":1901,
   "URL":"http://server1102.cs.technik.fhnw.ch/bilder/035302E1.jpg",
   "NAMIDENT":"Hodler, Ferdinand",
   "AUSST_DATUM":"28.5.1983-19.6.1983",
   "AUSST_ORT":"Staad",
   "AUSST_TITEL":"F. Hodler. Aus Ostschweizer Privatsammlungen. Ausstellung zum 10 Jahr-Jubiläum"
 },
 {
   "sikartId":6007010,
   "TITEL":"Einmütigkeit",
   "JAHR":1913,
   "URL":"http://server1102.cs.technik.fhnw.ch/bilder/040456E1.jpg",
   "NAMIDENT":"Hodler, Ferdinand",
   "AUSST_DATUM":"28.5.1983-19.6.1983",
   "AUSST_ORT":"Staad",
   "AUSST_TITEL":"F. Hodler. Aus Ostschweizer Privatsammlungen. Ausstellung zum 10 Jahr-Jubiläum"
 },
 {
   "sikartId":6004733,
   "TITEL":"Die Aare bei Solothurn",
   "JAHR":null,
   "URL":"http://server1102.cs.technik.fhnw.ch/bilder/007822E1.jpg",
   "NAMIDENT":"Hodler, Ferdinand",
   "AUSST_DATUM":"28.5.1983-19.6.1983",
   "AUSST_ORT":"Staad",
   "AUSST_TITEL":"F. Hodler. Aus Ostschweizer Privatsammlungen. Ausstellung zum 10 Jahr-Jubiläum"
 },
 {
   "sikartId":6005092,
   "TITEL":"Samoëns",
   "JAHR":1882,
   "URL":"http://server1102.cs.technik.fhnw.ch/bilder/035669E1.jpg",
   "NAMIDENT":"Hodler, Ferdinand",
   "AUSST_DATUM":"28.5.1983-19.6.1983",
   "AUSST_ORT":"Staad",
   "AUSST_TITEL":"F. Hodler. Aus Ostschweizer Privatsammlungen. Ausstellung zum 10 Jahr-Jubiläum"
 },
 {
   "sikartId":6004850,
   "TITEL":"Thunersee mit Stockhornkette am Abend",
   "JAHR":1910,
   "URL":"http://server1102.cs.technik.fhnw.ch/bilder/058847E1.jpg",
   "NAMIDENT":"Hodler, Ferdinand",
   "AUSST_DATUM":"28.5.1983-19.6.1983",
   "AUSST_ORT":"Staad",
   "AUSST_TITEL":"F. Hodler. Aus Ostschweizer Privatsammlungen. Ausstellung zum 10 Jahr-Jubiläum"
 },
 {
   "sikartId":6008386,
   "TITEL":"Der Holzfäller",
   "JAHR":1910,
   "URL":"http://server1102.cs.technik.fhnw.ch/bilder/040451E1.jpg",
   "NAMIDENT":"Hodler, Ferdinand",
   "AUSST_DATUM":"28.5.1983-19.6.1983",
   "AUSST_ORT":"Staad",
   "AUSST_TITEL":"F. Hodler. Aus Ostschweizer Privatsammlungen. Ausstellung zum 10 Jahr-Jubiläum"
 },
 {
   "sikartId":6005175,
   "TITEL":"Landschaft bei Madrid",
   "JAHR":1878,
   "URL":"http://server1102.cs.technik.fhnw.ch/bilder/043563E4.jpg",
   "NAMIDENT":"Hodler, Ferdinand",
   "AUSST_DATUM":"28.5.1983-19.6.1983",
   "AUSST_ORT":"Staad",
   "AUSST_TITEL":"F. Hodler. Aus Ostschweizer Privatsammlungen. Ausstellung zum 10 Jahr-Jubiläum"
 },
 {
   "sikartId":6005259,
   "TITEL":"Tanne am Bach",
   "JAHR":1910,
   "URL":"http://server1102.cs.technik.fhnw.ch/bilder/009180E1.jpg",
   "NAMIDENT":"Hodler, Ferdinand",
   "AUSST_DATUM":"8.11.1990-14.12.1990",
   "AUSST_ORT":"Santiago de Chile",
   "AUSST_TITEL":"Ferdinand Hodler. Coleccion Adda y Max Schmidheiny"
 },
 {
   "sikartId":6004886,
   "TITEL":"Thunersee mit Niesen",
   "JAHR":1910,
   "URL":"http://server1102.cs.technik.fhnw.ch/bilder/009178E1.jpg",
   "NAMIDENT":"Hodler, Ferdinand",
   "AUSST_DATUM":"8.11.1990-14.12.1990",
   "AUSST_ORT":"Santiago de Chile",
   "AUSST_TITEL":"Ferdinand Hodler. Coleccion Adda y Max Schmidheiny"
 },
 {
   "sikartId":6004839,
   "TITEL":"Thunersee mit Stockhornkette in Wolken",
   "JAHR":1912,
   "URL":"http://server1102.cs.technik.fhnw.ch/bilder/009232E1.jpg",
   "NAMIDENT":"Hodler, Ferdinand",
   "AUSST_DATUM":"8.11.1990-14.12.1990",
   "AUSST_ORT":"Santiago de Chile",
   "AUSST_TITEL":"Ferdinand Hodler. Coleccion Adda y Max Schmidheiny"
 },
 {
   "sikartId":6005091,
   "TITEL":"Weiden an der Jonction",
   "JAHR":1878,
   "URL":"http://server1102.cs.technik.fhnw.ch/bilder/033942E1.jpg",
   "NAMIDENT":"Hodler, Ferdinand",
   "AUSST_DATUM":"8.11.1990-14.12.1990",
   "AUSST_ORT":"Santiago de Chile",
   "AUSST_TITEL":"Ferdinand Hodler. Coleccion Adda y Max Schmidheiny"
 },
 {
   "sikartId":6005278,
   "TITEL":"Mühlebach bei Langenthal",
   "JAHR":1876,
   "URL":"http://server1102.cs.technik.fhnw.ch/bilder/040459E1.jpg",
   "NAMIDENT":"Hodler, Ferdinand",
   "AUSST_DATUM":"8.11.1990-14.12.1990",
   "AUSST_ORT":"Santiago de Chile",
   "AUSST_TITEL":"Ferdinand Hodler. Coleccion Adda y Max Schmidheiny"
 },
 {
   "sikartId":6004777,
   "TITEL":"Gantrischkette",
   "JAHR":1901,
   "URL":"http://server1102.cs.technik.fhnw.ch/bilder/035302E1.jpg",
   "NAMIDENT":"Hodler, Ferdinand",
   "AUSST_DATUM":"8.11.1990-14.12.1990",
   "AUSST_ORT":"Santiago de Chile",
   "AUSST_TITEL":"Ferdinand Hodler. Coleccion Adda y Max Schmidheiny"
 },
 {
   "sikartId":6005456,
   "TITEL":"Landschaft mit zwei kleinen Bäumen",
   "JAHR":null,
   "URL":"http://server1102.cs.technik.fhnw.ch/bilder/040460E1.jpg",
   "NAMIDENT":"Hodler, Ferdinand",
   "AUSST_DATUM":"8.11.1990-14.12.1990",
   "AUSST_ORT":"Santiago de Chile",
   "AUSST_TITEL":"Ferdinand Hodler. Coleccion Adda y Max Schmidheiny"
 },
 {
   "sikartId":6005617,
   "TITEL":"Selbstbildnis",
   "JAHR":1917,
   "URL":"http://server1102.cs.technik.fhnw.ch/bilder/007821E2.jpg",
   "NAMIDENT":"Hodler, Ferdinand",
   "AUSST_DATUM":"8.11.1990-14.12.1990",
   "AUSST_ORT":"Santiago de Chile",
   "AUSST_TITEL":"Ferdinand Hodler. Coleccion Adda y Max Schmidheiny"
 },
 {
   "sikartId":6005678,
   "TITEL":"Selbstbildnis (mit Federhut und Pfeife)",
   "JAHR":1875,
   "URL":"http://server1102.cs.technik.fhnw.ch/bilder/021912E2.jpg",
   "NAMIDENT":"Hodler, Ferdinand",
   "AUSST_DATUM":"8.11.1990-14.12.1990",
   "AUSST_ORT":"Santiago de Chile",
   "AUSST_TITEL":"Ferdinand Hodler. Coleccion Adda y Max Schmidheiny"
 },
 {
   "sikartId":6006218,
   "TITEL":"Bildnis Mathias Morhardt",
   "JAHR":1911,
   "URL":"http://server1102.cs.technik.fhnw.ch/bilder/040450E1.jpg",
   "NAMIDENT":"Hodler, Ferdinand",
   "AUSST_DATUM":"8.11.1990-14.12.1990",
   "AUSST_ORT":"Santiago de Chile",
   "AUSST_TITEL":"Ferdinand Hodler. Coleccion Adda y Max Schmidheiny"
 },
 {
   "sikartId":6006841,
   "TITEL":"Die Andacht",
   "JAHR":1881,
   "URL":"http://server1102.cs.technik.fhnw.ch/bilder/14528E2.jpg",
   "NAMIDENT":"Hodler, Ferdinand",
   "AUSST_DATUM":"8.11.1990-14.12.1990",
   "AUSST_ORT":"Santiago de Chile",
   "AUSST_TITEL":"Ferdinand Hodler. Coleccion Adda y Max Schmidheiny"
 },
 {
   "sikartId":6006592,
   "TITEL":"Kuh auf der Weide",
   "JAHR":1876,
   "URL":"http://server1102.cs.technik.fhnw.ch/bilder/000352E1.jpg",
   "NAMIDENT":"Hodler, Ferdinand",
   "AUSST_DATUM":"8.11.1990-14.12.1990",
   "AUSST_ORT":"Santiago de Chile",
   "AUSST_TITEL":"Ferdinand Hodler. Coleccion Adda y Max Schmidheiny"
 },
 {
   "sikartId":6007853,
   "TITEL":"Schreitendes Weib",
   "JAHR":1910,
   "URL":"http://server1102.cs.technik.fhnw.ch/bilder/001890E1.jpg",
   "NAMIDENT":"Hodler, Ferdinand",
   "AUSST_DATUM":"8.11.1990-14.12.1990",
   "AUSST_ORT":"Santiago de Chile",
   "AUSST_TITEL":"Ferdinand Hodler. Coleccion Adda y Max Schmidheiny"
 },
 {
   "sikartId":6007010,
   "TITEL":"Einmütigkeit",
   "JAHR":1913,
   "URL":"http://server1102.cs.technik.fhnw.ch/bilder/040456E1.jpg",
   "NAMIDENT":"Hodler, Ferdinand",
   "AUSST_DATUM":"8.11.1990-14.12.1990",
   "AUSST_ORT":"Santiago de Chile",
   "AUSST_TITEL":"Ferdinand Hodler. Coleccion Adda y Max Schmidheiny"
 },
 {
   "sikartId":6005802,
   "TITEL":"Der Netzflicker",
   "JAHR":1883,
   "URL":"http://server1102.cs.technik.fhnw.ch/bilder/043562E1.jpg",
   "NAMIDENT":"Hodler, Ferdinand",
   "AUSST_DATUM":"8.11.1990-14.12.1990",
   "AUSST_ORT":"Santiago de Chile",
   "AUSST_TITEL":"Ferdinand Hodler. Coleccion Adda y Max Schmidheiny"
 },
 {
   "sikartId":6006391,
   "TITEL":"Bildnis Régina Morgeron",
   "JAHR":1911,
   "URL":"http://server1102.cs.technik.fhnw.ch/bilder/008863E1.jpg",
   "NAMIDENT":"Hodler, Ferdinand",
   "AUSST_DATUM":"8.11.1990-14.12.1990",
   "AUSST_ORT":"Santiago de Chile",
   "AUSST_TITEL":"Ferdinand Hodler. Coleccion Adda y Max Schmidheiny"
 },
 {
   "sikartId":6004733,
   "TITEL":"Die Aare bei Solothurn",
   "JAHR":null,
   "URL":"http://server1102.cs.technik.fhnw.ch/bilder/007822E1.jpg",
   "NAMIDENT":"Hodler, Ferdinand",
   "AUSST_DATUM":"8.11.1990-14.12.1990",
   "AUSST_ORT":"Santiago de Chile",
   "AUSST_TITEL":"Ferdinand Hodler. Coleccion Adda y Max Schmidheiny"
 },
 {
   "sikartId":6007859,
   "TITEL":"Die Empfindung",
   "JAHR":1911,
   "URL":"http://server1102.cs.technik.fhnw.ch/bilder/011047E1.jpg",
   "NAMIDENT":"Hodler, Ferdinand",
   "AUSST_DATUM":"8.11.1990-14.12.1990",
   "AUSST_ORT":"Santiago de Chile",
   "AUSST_TITEL":"Ferdinand Hodler. Coleccion Adda y Max Schmidheiny"
 },
 {
   "sikartId":6005741,
   "TITEL":"Der Mäher",
   "JAHR":1878,
   "URL":"http://server1102.cs.technik.fhnw.ch/bilder/007820E1.jpg",
   "NAMIDENT":"Hodler, Ferdinand",
   "AUSST_DATUM":"8.11.1990-14.12.1990",
   "AUSST_ORT":"Santiago de Chile",
   "AUSST_TITEL":"Ferdinand Hodler. Coleccion Adda y Max Schmidheiny"
 },
 {
   "sikartId":6006468,
   "TITEL":"Bildnis Mme Louis-Amédée Baudit",
   "JAHR":1912,
   "URL":"http://server1102.cs.technik.fhnw.ch/bilder/048987E1.jpg",
   "NAMIDENT":"Hodler, Ferdinand",
   "AUSST_DATUM":"8.11.1990-14.12.1990",
   "AUSST_ORT":"Santiago de Chile",
   "AUSST_TITEL":"Ferdinand Hodler. Coleccion Adda y Max Schmidheiny"
 },
 {
   "sikartId":6008157,
   "TITEL":"Der Frühling",
   "JAHR":1910,
   "URL":"http://server1102.cs.technik.fhnw.ch/bilder/017772E2.jpg",
   "NAMIDENT":"Hodler, Ferdinand",
   "AUSST_DATUM":"8.11.1990-14.12.1990",
   "AUSST_ORT":"Santiago de Chile",
   "AUSST_TITEL":"Ferdinand Hodler. Coleccion Adda y Max Schmidheiny"
 },
 {
   "sikartId":6004804,
   "TITEL":"Der Mönch mit Wolken",
   "JAHR":1911,
   "URL":"http://server1102.cs.technik.fhnw.ch/bilder/001614E1.jpg",
   "NAMIDENT":"Hodler, Ferdinand",
   "AUSST_DATUM":"8.11.1990-14.12.1990",
   "AUSST_ORT":"Santiago de Chile",
   "AUSST_TITEL":"Ferdinand Hodler. Coleccion Adda y Max Schmidheiny"
 },
 {
   "sikartId":6006521,
   "TITEL":"Bildnis Gertrud Müller",
   "JAHR":1911,
   "URL":"http://server1102.cs.technik.fhnw.ch/bilder/062373E1.jpg",
   "NAMIDENT":"Hodler, Ferdinand",
   "AUSST_DATUM":"8.11.1990-14.12.1990",
   "AUSST_ORT":"Santiago de Chile",
   "AUSST_TITEL":"Ferdinand Hodler. Coleccion Adda y Max Schmidheiny"
 },
 {
   "sikartId":6006099,
   "TITEL":"Schreitender weiblicher Akt",
   "JAHR":1916,
   "URL":"http://server1102.cs.technik.fhnw.ch/bilder/040453E1.jpg",
   "NAMIDENT":"Hodler, Ferdinand",
   "AUSST_DATUM":"8.11.1990-14.12.1990",
   "AUSST_ORT":"Santiago de Chile",
   "AUSST_TITEL":"Ferdinand Hodler. Coleccion Adda y Max Schmidheiny"
 },
 {
   "sikartId":6005092,
   "TITEL":"Samoëns",
   "JAHR":1882,
   "URL":"http://server1102.cs.technik.fhnw.ch/bilder/035669E1.jpg",
   "NAMIDENT":"Hodler, Ferdinand",
   "AUSST_DATUM":"8.11.1990-14.12.1990",
   "AUSST_ORT":"Santiago de Chile",
   "AUSST_TITEL":"Ferdinand Hodler. Coleccion Adda y Max Schmidheiny"
 },
 {
   "sikartId":6005123,
   "TITEL":"Blick von Montana gegen Tour Noir, Aiguilles d'Argentière und Chardonnet",
   "JAHR":1915,
   "URL":"http://server1102.cs.technik.fhnw.ch/bilder/009255E1.jpg",
   "NAMIDENT":"Hodler, Ferdinand",
   "AUSST_DATUM":"8.11.1990-14.12.1990",
   "AUSST_ORT":"Santiago de Chile",
   "AUSST_TITEL":"Ferdinand Hodler. Coleccion Adda y Max Schmidheiny"
 },
 {
   "sikartId":6005050,
   "TITEL":"Weidenbaum am Genfersee",
   "JAHR":1891,
   "URL":"http://server1102.cs.technik.fhnw.ch/bilder/043564E1.jpg",
   "NAMIDENT":"Hodler, Ferdinand",
   "AUSST_DATUM":"8.11.1990-14.12.1990",
   "AUSST_ORT":"Santiago de Chile",
   "AUSST_TITEL":"Ferdinand Hodler. Coleccion Adda y Max Schmidheiny"
 },
 {
   "sikartId":6006089,
   "TITEL":"Bildnis Georges Navazza",
   "JAHR":1916,
   "URL":"http://server1102.cs.technik.fhnw.ch/bilder/007107E1.jpg",
   "NAMIDENT":"Hodler, Ferdinand",
   "AUSST_DATUM":"8.11.1990-14.12.1990",
   "AUSST_ORT":"Santiago de Chile",
   "AUSST_TITEL":"Ferdinand Hodler. Coleccion Adda y Max Schmidheiny"
 },
 {
   "sikartId":6004999,
   "TITEL":"Genfersee mit Mont-Blanc am Nachmittag (März)",
   "JAHR":1918,
   "URL":"http://server1102.cs.technik.fhnw.ch/bilder/9260E2.jpg",
   "NAMIDENT":"Hodler, Ferdinand",
   "AUSST_DATUM":"8.11.1990-14.12.1990",
   "AUSST_ORT":"Santiago de Chile",
   "AUSST_TITEL":"Ferdinand Hodler. Coleccion Adda y Max Schmidheiny"
 },
 {
   "sikartId":6004775,
   "TITEL":"Die Niesen-Kette von Reichenbach aus",
   "JAHR":1902,
   "URL":"http://server1102.cs.technik.fhnw.ch/bilder/031457E1.jpg",
   "NAMIDENT":"Hodler, Ferdinand",
   "AUSST_DATUM":"8.11.1990-14.12.1990",
   "AUSST_ORT":"Santiago de Chile",
   "AUSST_TITEL":"Ferdinand Hodler. Coleccion Adda y Max Schmidheiny"
 },
 {
   "sikartId":6007970,
   "TITEL":"Eine enttäuschte Seele",
   "JAHR":1891,
   "URL":"http://server1102.cs.technik.fhnw.ch/bilder/040461E1.jpg",
   "NAMIDENT":"Hodler, Ferdinand",
   "AUSST_DATUM":"8.11.1990-14.12.1990",
   "AUSST_ORT":"Santiago de Chile",
   "AUSST_TITEL":"Ferdinand Hodler. Coleccion Adda y Max Schmidheiny"
 },
 {
   "sikartId":6006448,
   "TITEL":"Bildnis Caroline Coutau-Marcelin (?)",
   "JAHR":1878,
   "URL":"http://server1102.cs.technik.fhnw.ch/bilder/040455E1.jpg",
   "NAMIDENT":"Hodler, Ferdinand",
   "AUSST_DATUM":"8.11.1990-14.12.1990",
   "AUSST_ORT":"Santiago de Chile",
   "AUSST_TITEL":"Ferdinand Hodler. Coleccion Adda y Max Schmidheiny"
 },
 {
   "sikartId":6004850,
   "TITEL":"Thunersee mit Stockhornkette am Abend",
   "JAHR":1910,
   "URL":"http://server1102.cs.technik.fhnw.ch/bilder/058847E1.jpg",
   "NAMIDENT":"Hodler, Ferdinand",
   "AUSST_DATUM":"8.11.1990-14.12.1990",
   "AUSST_ORT":"Santiago de Chile",
   "AUSST_TITEL":"Ferdinand Hodler. Coleccion Adda y Max Schmidheiny"
 },
 {
   "sikartId":6005036,
   "TITEL":"Der Genfersee von St-Prex aus",
   "JAHR":1901,
   "URL":"http://server1102.cs.technik.fhnw.ch/bilder/031459E1.jpg",
   "NAMIDENT":"Hodler, Ferdinand",
   "AUSST_DATUM":"8.11.1990-14.12.1990",
   "AUSST_ORT":"Santiago de Chile",
   "AUSST_TITEL":"Ferdinand Hodler. Coleccion Adda y Max Schmidheiny"
 },
 {
   "sikartId":6006117,
   "TITEL":"Bildnis Sadik Bélig",
   "JAHR":1900,
   "URL":"http://server1102.cs.technik.fhnw.ch/bilder/014382E1.jpg",
   "NAMIDENT":"Hodler, Ferdinand",
   "AUSST_DATUM":"8.11.1990-14.12.1990",
   "AUSST_ORT":"Santiago de Chile",
   "AUSST_TITEL":"Ferdinand Hodler. Coleccion Adda y Max Schmidheiny"
 },
 {
   "sikartId":6008726,
   "TITEL":"Die Quelle",
   "JAHR":1904,
   "URL":"http://server1102.cs.technik.fhnw.ch/bilder/040454E1.jpg",
   "NAMIDENT":"Hodler, Ferdinand",
   "AUSST_DATUM":"8.11.1990-14.12.1990",
   "AUSST_ORT":"Santiago de Chile",
   "AUSST_TITEL":"Ferdinand Hodler. Coleccion Adda y Max Schmidheiny"
 },
 {
   "sikartId":6005093,
   "TITEL":"Am Fuss des Petit Salève",
   "JAHR":1890,
   "URL":"http://server1102.cs.technik.fhnw.ch/bilder/040458E1.jpg",
   "NAMIDENT":"Hodler, Ferdinand",
   "AUSST_DATUM":"8.11.1990-14.12.1990",
   "AUSST_ORT":"Santiago de Chile",
   "AUSST_TITEL":"Ferdinand Hodler. Coleccion Adda y Max Schmidheiny"
 },
 {
   "sikartId":6006404,
   "TITEL":"Bildnis Letizia Raviola",
   "JAHR":1916,
   "URL":"http://server1102.cs.technik.fhnw.ch/bilder/018081E1.jpg",
   "NAMIDENT":"Hodler, Ferdinand",
   "AUSST_DATUM":"8.11.1990-14.12.1990",
   "AUSST_ORT":"Santiago de Chile",
   "AUSST_TITEL":"Ferdinand Hodler. Coleccion Adda y Max Schmidheiny"
 },
 {
   "sikartId":6008386,
   "TITEL":"Der Holzfäller",
   "JAHR":1910,
   "URL":"http://server1102.cs.technik.fhnw.ch/bilder/040451E1.jpg",
   "NAMIDENT":"Hodler, Ferdinand",
   "AUSST_DATUM":"8.11.1990-14.12.1990",
   "AUSST_ORT":"Santiago de Chile",
   "AUSST_TITEL":"Ferdinand Hodler. Coleccion Adda y Max Schmidheiny"
 },
 {
   "sikartId":6005175,
   "TITEL":"Landschaft bei Madrid",
   "JAHR":1878,
   "URL":"http://server1102.cs.technik.fhnw.ch/bilder/043563E4.jpg",
   "NAMIDENT":"Hodler, Ferdinand",
   "AUSST_DATUM":"8.11.1990-14.12.1990",
   "AUSST_ORT":"Santiago de Chile",
   "AUSST_TITEL":"Ferdinand Hodler. Coleccion Adda y Max Schmidheiny"
 },
 {
   "sikartId":6004796,
   "TITEL":"Die Schynige Platte",
   "JAHR":1909,
   "URL":"http://server1102.cs.technik.fhnw.ch/bilder/071425E1.jpg",
   "NAMIDENT":"Hodler, Ferdinand",
   "AUSST_DATUM":"24.10.1999-3.1.2000",
   "AUSST_ORT":"Wuppertal",
   "AUSST_TITEL":"Ferdinand Hodler"
 },
 {
   "sikartId":6005185,
   "TITEL":"Das Kiental mit Blümlisalp",
   "JAHR":1902,
   "URL":"http://server1102.cs.technik.fhnw.ch/bilder/4000CE1.jpg",
   "NAMIDENT":"Hodler, Ferdinand",
   "AUSST_DATUM":"24.10.1999-3.1.2000",
   "AUSST_ORT":"Wuppertal",
   "AUSST_TITEL":"Ferdinand Hodler"
 },
 {
   "sikartId":6004886,
   "TITEL":"Thunersee mit Niesen",
   "JAHR":1910,
   "URL":"http://server1102.cs.technik.fhnw.ch/bilder/009178E1.jpg",
   "NAMIDENT":"Hodler, Ferdinand",
   "AUSST_DATUM":"24.10.1999-3.1.2000",
   "AUSST_ORT":"Wuppertal",
   "AUSST_TITEL":"Ferdinand Hodler"
 },
 {
   "sikartId":6004839,
   "TITEL":"Thunersee mit Stockhornkette in Wolken",
   "JAHR":1912,
   "URL":"http://server1102.cs.technik.fhnw.ch/bilder/009232E1.jpg",
   "NAMIDENT":"Hodler, Ferdinand",
   "AUSST_DATUM":"24.10.1999-3.1.2000",
   "AUSST_ORT":"Wuppertal",
   "AUSST_TITEL":"Ferdinand Hodler"
 },
 {
   "sikartId":6005091,
   "TITEL":"Weiden an der Jonction",
   "JAHR":1878,
   "URL":"http://server1102.cs.technik.fhnw.ch/bilder/033942E1.jpg",
   "NAMIDENT":"Hodler, Ferdinand",
   "AUSST_DATUM":"24.10.1999-3.1.2000",
   "AUSST_ORT":"Wuppertal",
   "AUSST_TITEL":"Ferdinand Hodler"
 },
 {
   "sikartId":6005789,
   "TITEL":"Der Mäher",
   "JAHR":1910,
   "URL":"http://server1102.cs.technik.fhnw.ch/bilder/026466E1.jpg",
   "NAMIDENT":"Hodler, Ferdinand",
   "AUSST_DATUM":"24.10.1999-3.1.2000",
   "AUSST_ORT":"Wuppertal",
   "AUSST_TITEL":"Ferdinand Hodler"
 },
 {
   "sikartId":6004777,
   "TITEL":"Gantrischkette",
   "JAHR":1901,
   "URL":"http://server1102.cs.technik.fhnw.ch/bilder/035302E1.jpg",
   "NAMIDENT":"Hodler, Ferdinand",
   "AUSST_DATUM":"24.10.1999-3.1.2000",
   "AUSST_ORT":"Wuppertal",
   "AUSST_TITEL":"Ferdinand Hodler"
 },
 {
   "sikartId":6005324,
   "TITEL":"Blühender Kirschbaum",
   "JAHR":1905,
   "URL":"http://server1102.cs.technik.fhnw.ch/bilder/001861E1.jpg",
   "NAMIDENT":"Hodler, Ferdinand",
   "AUSST_DATUM":"24.10.1999-3.1.2000",
   "AUSST_ORT":"Wuppertal",
   "AUSST_TITEL":"Ferdinand Hodler"
 },
 {
   "sikartId":6005456,
   "TITEL":"Landschaft mit zwei kleinen Bäumen",
   "JAHR":null,
   "URL":"http://server1102.cs.technik.fhnw.ch/bilder/040460E1.jpg",
   "NAMIDENT":"Hodler, Ferdinand",
   "AUSST_DATUM":"24.10.1999-3.1.2000",
   "AUSST_ORT":"Wuppertal",
   "AUSST_TITEL":"Ferdinand Hodler"
 },
 {
   "sikartId":6005617,
   "TITEL":"Selbstbildnis",
   "JAHR":1917,
   "URL":"http://server1102.cs.technik.fhnw.ch/bilder/007821E2.jpg",
   "NAMIDENT":"Hodler, Ferdinand",
   "AUSST_DATUM":"24.10.1999-3.1.2000",
   "AUSST_ORT":"Wuppertal",
   "AUSST_TITEL":"Ferdinand Hodler"
 },
 {
   "sikartId":6006281,
   "TITEL":"Bildnis einer Unbekannten",
   "JAHR":1889,
   "URL":"http://server1102.cs.technik.fhnw.ch/bilder/1568CE1.jpg",
   "NAMIDENT":"Hodler, Ferdinand",
   "AUSST_DATUM":"24.10.1999-3.1.2000",
   "AUSST_ORT":"Wuppertal",
   "AUSST_TITEL":"Ferdinand Hodler"
 },
 {
   "sikartId":6005795,
   "TITEL":"Ahasver",
   "JAHR":1910,
   "URL":"http://server1102.cs.technik.fhnw.ch/bilder/27617E1.jpg",
   "NAMIDENT":"Hodler, Ferdinand",
   "AUSST_DATUM":"24.10.1999-3.1.2000",
   "AUSST_ORT":"Wuppertal",
   "AUSST_TITEL":"Ferdinand Hodler"
 },
 {
   "sikartId":6005073,
   "TITEL":"Der kahle Baum",
   "JAHR":1917,
   "URL":"http://server1102.cs.technik.fhnw.ch/bilder/9257SC1.jpg",
   "NAMIDENT":"Hodler, Ferdinand",
   "AUSST_DATUM":"24.10.1999-3.1.2000",
   "AUSST_ORT":"Wuppertal",
   "AUSST_TITEL":"Ferdinand Hodler"
 },
 {
   "sikartId":6005630,
   "TITEL":"Selbstbildnis (von Néris)",
   "JAHR":1915,
   "URL":"http://server1102.cs.technik.fhnw.ch/bilder/001895E1.jpg",
   "NAMIDENT":"Hodler, Ferdinand",
   "AUSST_DATUM":"24.10.1999-3.1.2000",
   "AUSST_ORT":"Wuppertal",
   "AUSST_TITEL":"Ferdinand Hodler"
 },
 {
   "sikartId":6005715,
   "TITEL":"Der Schuhmacher",
   "JAHR":1882,
   "URL":"http://server1102.cs.technik.fhnw.ch/bilder/70966CE1.jpg",
   "NAMIDENT":"Hodler, Ferdinand",
   "AUSST_DATUM":"24.10.1999-3.1.2000",
   "AUSST_ORT":"Wuppertal",
   "AUSST_TITEL":"Ferdinand Hodler"
 },
 {
   "sikartId":6006184,
   "TITEL":"Das Frühstück",
   "JAHR":1889,
   "URL":"http://server1102.cs.technik.fhnw.ch/bilder/043577E3.jpg",
   "NAMIDENT":"Hodler, Ferdinand",
   "AUSST_DATUM":"24.10.1999-3.1.2000",
   "AUSST_ORT":"Wuppertal",
   "AUSST_TITEL":"Ferdinand Hodler"
 },
 {
   "sikartId":6006204,
   "TITEL":"Bildnis James Vibert",
   "JAHR":1915,
   "URL":"http://server1102.cs.technik.fhnw.ch/bilder/23317CE1.jpg",
   "NAMIDENT":"Hodler, Ferdinand",
   "AUSST_DATUM":"24.10.1999-3.1.2000",
   "AUSST_ORT":"Wuppertal",
   "AUSST_TITEL":"Ferdinand Hodler"
 },
 {
   "sikartId":6006218,
   "TITEL":"Bildnis Mathias Morhardt",
   "JAHR":1911,
   "URL":"http://server1102.cs.technik.fhnw.ch/bilder/040450E1.jpg",
   "NAMIDENT":"Hodler, Ferdinand",
   "AUSST_DATUM":"24.10.1999-3.1.2000",
   "AUSST_ORT":"Wuppertal",
   "AUSST_TITEL":"Ferdinand Hodler"
 },
 {
   "sikartId":6006841,
   "TITEL":"Die Andacht",
   "JAHR":1881,
   "URL":"http://server1102.cs.technik.fhnw.ch/bilder/14528E2.jpg",
   "NAMIDENT":"Hodler, Ferdinand",
   "AUSST_DATUM":"24.10.1999-3.1.2000",
   "AUSST_ORT":"Wuppertal",
   "AUSST_TITEL":"Ferdinand Hodler"
 },
 {
   "sikartId":6006002,
   "TITEL":"Spaziergang am Waldrand",
   "JAHR":1885,
   "URL":"http://server1102.cs.technik.fhnw.ch/bilder/17775CE1.jpg",
   "NAMIDENT":"Hodler, Ferdinand",
   "AUSST_DATUM":"24.10.1999-3.1.2000",
   "AUSST_ORT":"Wuppertal",
   "AUSST_TITEL":"Ferdinand Hodler"
 },
 {
   "sikartId":6006922,
   "TITEL":"Was die Blumen sagen",
   "JAHR":1893,
   "URL":"http://server1102.cs.technik.fhnw.ch/bilder/1888E1.jpg",
   "NAMIDENT":"Hodler, Ferdinand",
   "AUSST_DATUM":"24.10.1999-3.1.2000",
   "AUSST_ORT":"Wuppertal",
   "AUSST_TITEL":"Ferdinand Hodler"
 },
 {
   "sikartId":6008345,
   "TITEL":"Arbeitslos",
   "JAHR":1891,
   "URL":"http://server1102.cs.technik.fhnw.ch/bilder/1884S1.jpg",
   "NAMIDENT":"Hodler, Ferdinand",
   "AUSST_DATUM":"24.10.1999-3.1.2000",
   "AUSST_ORT":"Wuppertal",
   "AUSST_TITEL":"Ferdinand Hodler"
 },
 {
   "sikartId":6008014,
   "TITEL":"Die Dents du Midi von Caux aus",
   "JAHR":1917,
   "URL":"http://server1102.cs.technik.fhnw.ch/bilder/073491E1.jpg",
   "NAMIDENT":"Hodler, Ferdinand",
   "AUSST_DATUM":"24.10.1999-3.1.2000",
   "AUSST_ORT":"Wuppertal",
   "AUSST_TITEL":"Ferdinand Hodler"
 },
 {
   "sikartId":9837848,
   "TITEL":"Einmütigkeit, Schwörender",
   "JAHR":1913,
   "URL":"http://server1102.cs.technik.fhnw.ch/bilder/78626D1.jpg",
   "NAMIDENT":"Hodler, Ferdinand",
   "AUSST_DATUM":"24.10.1999-3.1.2000",
   "AUSST_ORT":"Wuppertal",
   "AUSST_TITEL":"Ferdinand Hodler"
 },
 {
   "sikartId":9899083,
   "TITEL":"Der Angler",
   "JAHR":1879,
   "URL":"http://server1102.cs.technik.fhnw.ch/bilder/079203E1.jpg",
   "NAMIDENT":"Hodler, Ferdinand",
   "AUSST_DATUM":"24.10.1999-3.1.2000",
   "AUSST_ORT":"Wuppertal",
   "AUSST_TITEL":"Ferdinand Hodler"
 },
 {
   "sikartId":6004735,
   "TITEL":"Aarelandschaft bei Thun",
   "JAHR":1880,
   "URL":"http://server1102.cs.technik.fhnw.ch/bilder/53938E1.jpg",
   "NAMIDENT":"Hodler, Ferdinand",
   "AUSST_DATUM":"24.10.1999-3.1.2000",
   "AUSST_ORT":"Wuppertal",
   "AUSST_TITEL":"Ferdinand Hodler"
 },
 {
   "sikartId":6004990,
   "TITEL":"Genfersee von Lausanne aus",
   "JAHR":1912,
   "URL":"http://server1102.cs.technik.fhnw.ch/bilder/9228CE1.jpg",
   "NAMIDENT":"Hodler, Ferdinand",
   "AUSST_DATUM":"24.10.1999-3.1.2000",
   "AUSST_ORT":"Wuppertal",
   "AUSST_TITEL":"Ferdinand Hodler"
 },
 {
   "sikartId":6007010,
   "TITEL":"Einmütigkeit",
   "JAHR":1913,
   "URL":"http://server1102.cs.technik.fhnw.ch/bilder/040456E1.jpg",
   "NAMIDENT":"Hodler, Ferdinand",
   "AUSST_DATUM":"24.10.1999-3.1.2000",
   "AUSST_ORT":"Wuppertal",
   "AUSST_TITEL":"Ferdinand Hodler"
 },
 {
   "sikartId":10352007,
   "TITEL":"Landschaft bei Madrid mit Steineichen und weidenden Kühen",
   "JAHR":1878,
   "URL":"http://server1102.cs.technik.fhnw.ch/bilder/80489E1.jpg",
   "NAMIDENT":"Hodler, Ferdinand",
   "AUSST_DATUM":"24.10.1999-3.1.2000",
   "AUSST_ORT":"Wuppertal",
   "AUSST_TITEL":"Ferdinand Hodler"
 },
 {
   "sikartId":10384498,
   "TITEL":"Am Fuss des Petit Salève",
   "JAHR":1891,
   "URL":"http://server1102.cs.technik.fhnw.ch/bilder/80321CE1.jpg",
   "NAMIDENT":"Hodler, Ferdinand",
   "AUSST_DATUM":"24.10.1999-3.1.2000",
   "AUSST_ORT":"Wuppertal",
   "AUSST_TITEL":"Ferdinand Hodler"
 },
 {
   "sikartId":6005802,
   "TITEL":"Der Netzflicker",
   "JAHR":1883,
   "URL":"http://server1102.cs.technik.fhnw.ch/bilder/043562E1.jpg",
   "NAMIDENT":"Hodler, Ferdinand",
   "AUSST_DATUM":"24.10.1999-3.1.2000",
   "AUSST_ORT":"Wuppertal",
   "AUSST_TITEL":"Ferdinand Hodler"
 },
 {
   "sikartId":10396581,
   "TITEL":"Rückzug von Marignano",
   "JAHR":1897,
   "URL":"http://server1102.cs.technik.fhnw.ch/bilder/80951CE1.jpg",
   "NAMIDENT":"Hodler, Ferdinand",
   "AUSST_DATUM":"24.10.1999-3.1.2000",
   "AUSST_ORT":"Wuppertal",
   "AUSST_TITEL":"Ferdinand Hodler"
 },
 {
   "sikartId":6007711,
   "TITEL":"Sterbender Krieger",
   "JAHR":1897,
   "URL":"http://server1102.cs.technik.fhnw.ch/bilder/062375E1.jpg",
   "NAMIDENT":"Hodler, Ferdinand",
   "AUSST_DATUM":"24.10.1999-3.1.2000",
   "AUSST_ORT":"Wuppertal",
   "AUSST_TITEL":"Ferdinand Hodler"
 },
 {
   "sikartId":10396052,
   "TITEL":"Der Holzfäller",
   "JAHR":1910,
   "URL":"http://server1102.cs.technik.fhnw.ch/bilder/80948CE1.jpg",
   "NAMIDENT":"Hodler, Ferdinand",
   "AUSST_DATUM":"24.10.1999-3.1.2000",
   "AUSST_ORT":"Wuppertal",
   "AUSST_TITEL":"Ferdinand Hodler"
 },
 {
   "sikartId":9839134,
   "TITEL":"Blick ins Unendliche, Einzelfigur",
   "JAHR":1914,
   "URL":"http://server1102.cs.technik.fhnw.ch/bilder/078689E3.jpg",
   "NAMIDENT":"Hodler, Ferdinand",
   "AUSST_DATUM":"24.10.1999-3.1.2000",
   "AUSST_ORT":"Wuppertal",
   "AUSST_TITEL":"Ferdinand Hodler"
 },
 {
   "sikartId":9717619,
   "TITEL":"Am Fuss des Salève",
   "JAHR":1888,
   "URL":"http://server1102.cs.technik.fhnw.ch/bilder/77231DS1.jpg",
   "NAMIDENT":"Hodler, Ferdinand",
   "AUSST_DATUM":"24.10.1999-3.1.2000",
   "AUSST_ORT":"Wuppertal",
   "AUSST_TITEL":"Ferdinand Hodler"
 },
 {
   "sikartId":6006417,
   "TITEL":"Bildnis Louise Delphine Duchosal (Mädchen mit der Narzisse)",
   "JAHR":1885,
   "URL":"http://server1102.cs.technik.fhnw.ch/bilder/025554E1.jpg",
   "NAMIDENT":"Hodler, Ferdinand",
   "AUSST_DATUM":"24.10.1999-3.1.2000",
   "AUSST_ORT":"Wuppertal",
   "AUSST_TITEL":"Ferdinand Hodler"
 },
 {
   "sikartId":6004983,
   "TITEL":"Genfersee mit Mont-Blanc am frühen Morgen (März)",
   "JAHR":1918,
   "URL":"http://server1102.cs.technik.fhnw.ch/bilder/4092E2.jpg",
   "NAMIDENT":"Hodler, Ferdinand",
   "AUSST_DATUM":"24.10.1999-3.1.2000",
   "AUSST_ORT":"Wuppertal",
   "AUSST_TITEL":"Ferdinand Hodler"
 },
 {
   "sikartId":6005014,
   "TITEL":"Landschaft am Genfersee",
   "JAHR":1906,
   "URL":"http://server1102.cs.technik.fhnw.ch/bilder/9280CE1.jpg",
   "NAMIDENT":"Hodler, Ferdinand",
   "AUSST_DATUM":"24.10.1999-3.1.2000",
   "AUSST_ORT":"Wuppertal",
   "AUSST_TITEL":"Ferdinand Hodler"
 },
 {
   "sikartId":6004818,
   "TITEL":"Das Jungfraumassiv von Mürren aus",
   "JAHR":1911,
   "URL":"http://server1102.cs.technik.fhnw.ch/bilder/9918CE1.jpg",
   "NAMIDENT":"Hodler, Ferdinand",
   "AUSST_DATUM":"24.10.1999-3.1.2000",
   "AUSST_ORT":"Wuppertal",
   "AUSST_TITEL":"Ferdinand Hodler"
 },
 {
   "sikartId":6005083,
   "TITEL":"Die Arve am Bois de la Bâtie",
   "JAHR":1880,
   "URL":"http://server1102.cs.technik.fhnw.ch/bilder/15087CE1.jpg",
   "NAMIDENT":"Hodler, Ferdinand",
   "AUSST_DATUM":"24.10.1999-3.1.2000",
   "AUSST_ORT":"Wuppertal",
   "AUSST_TITEL":"Ferdinand Hodler"
 },
 {
   "sikartId":6004988,
   "TITEL":"Genfersee mit Savoyer Alpen",
   "JAHR":1911,
   "URL":"http://server1102.cs.technik.fhnw.ch/bilder/9167CE1.jpg",
   "NAMIDENT":"Hodler, Ferdinand",
   "AUSST_DATUM":"24.10.1999-3.1.2000",
   "AUSST_ORT":"Wuppertal",
   "AUSST_TITEL":"Ferdinand Hodler"
 },
 {
   "sikartId":6005440,
   "TITEL":"Die goldene Aue",
   "JAHR":1890,
   "URL":"http://server1102.cs.technik.fhnw.ch/bilder/27200DS1.jpg",
   "NAMIDENT":"Hodler, Ferdinand",
   "AUSST_DATUM":"24.10.1999-3.1.2000",
   "AUSST_ORT":"Wuppertal",
   "AUSST_TITEL":"Ferdinand Hodler"
 },
 {
   "sikartId":6004733,
   "TITEL":"Die Aare bei Solothurn",
   "JAHR":null,
   "URL":"http://server1102.cs.technik.fhnw.ch/bilder/007822E1.jpg",
   "NAMIDENT":"Hodler, Ferdinand",
   "AUSST_DATUM":"24.10.1999-3.1.2000",
   "AUSST_ORT":"Wuppertal",
   "AUSST_TITEL":"Ferdinand Hodler"
 },
 {
   "sikartId":6005118,
   "TITEL":"Montanalandschaft mit Becs de Bosson und Vallon de Réchy",
   "JAHR":1915,
   "URL":"http://server1102.cs.technik.fhnw.ch/bilder/9231CE1.jpg",
   "NAMIDENT":"Hodler, Ferdinand",
   "AUSST_DATUM":"24.10.1999-3.1.2000",
   "AUSST_ORT":"Wuppertal",
   "AUSST_TITEL":"Ferdinand Hodler"
 },
 {
   "sikartId":6006400,
   "TITEL":"Bildnis Berthe Jacques",
   "JAHR":1894,
   "URL":"http://server1102.cs.technik.fhnw.ch/bilder/15497CE1.jpg",
   "NAMIDENT":"Hodler, Ferdinand",
   "AUSST_DATUM":"24.10.1999-3.1.2000",
   "AUSST_ORT":"Wuppertal",
   "AUSST_TITEL":"Ferdinand Hodler"
 },
 {
   "sikartId":6007859,
   "TITEL":"Die Empfindung",
   "JAHR":1911,
   "URL":"http://server1102.cs.technik.fhnw.ch/bilder/011047E1.jpg",
   "NAMIDENT":"Hodler, Ferdinand",
   "AUSST_DATUM":"24.10.1999-3.1.2000",
   "AUSST_ORT":"Wuppertal",
   "AUSST_TITEL":"Ferdinand Hodler"
 },
 {
   "sikartId":6008346,
   "TITEL":"Die Lebensmüden",
   "JAHR":1892,
   "URL":"http://server1102.cs.technik.fhnw.ch/bilder/8720E2.jpg",
   "NAMIDENT":"Hodler, Ferdinand",
   "AUSST_DATUM":"24.10.1999-3.1.2000",
   "AUSST_ORT":"Wuppertal",
   "AUSST_TITEL":"Ferdinand Hodler"
 },
 {
   "sikartId":6005611,
   "TITEL":"Selbstbildnis",
   "JAHR":1914,
   "URL":"http://server1102.cs.technik.fhnw.ch/bilder/1526CE1.jpg",
   "NAMIDENT":"Hodler, Ferdinand",
   "AUSST_DATUM":"24.10.1999-3.1.2000",
   "AUSST_ORT":"Wuppertal",
   "AUSST_TITEL":"Ferdinand Hodler"
 },
 {
   "sikartId":6005680,
   "TITEL":"Selbstbildnis",
   "JAHR":1879,
   "URL":"http://server1102.cs.technik.fhnw.ch/bilder/27191DS1.jpg",
   "NAMIDENT":"Hodler, Ferdinand",
   "AUSST_DATUM":"24.10.1999-3.1.2000",
   "AUSST_ORT":"Wuppertal",
   "AUSST_TITEL":"Ferdinand Hodler"
 },
 {
   "sikartId":6005741,
   "TITEL":"Der Mäher",
   "JAHR":1878,
   "URL":"http://server1102.cs.technik.fhnw.ch/bilder/007820E1.jpg",
   "NAMIDENT":"Hodler, Ferdinand",
   "AUSST_DATUM":"24.10.1999-3.1.2000",
   "AUSST_ORT":"Wuppertal",
   "AUSST_TITEL":"Ferdinand Hodler"
 },
 {
   "sikartId":6006302,
   "TITEL":"Bildnis der kranken Valentine Godé-Darel",
   "JAHR":1914,
   "URL":"http://server1102.cs.technik.fhnw.ch/bilder/41533E2.jpg",
   "NAMIDENT":"Hodler, Ferdinand",
   "AUSST_DATUM":"24.10.1999-3.1.2000",
   "AUSST_ORT":"Wuppertal",
   "AUSST_TITEL":"Ferdinand Hodler"
 },
 {
   "sikartId":6005074,
   "TITEL":"Das Gebet in der Kathedrale Saint-Pierre",
   "JAHR":1882,
   "URL":"http://server1102.cs.technik.fhnw.ch/bilder/033830E1.jpg",
   "NAMIDENT":"Hodler, Ferdinand",
   "AUSST_DATUM":"24.10.1999-3.1.2000",
   "AUSST_ORT":"Wuppertal",
   "AUSST_TITEL":"Ferdinand Hodler"
 },
 {
   "sikartId":6008336,
   "TITEL":"Frau am Fenster",
   "JAHR":1892,
   "URL":"http://server1102.cs.technik.fhnw.ch/bilder/30122CE1.jpg",
   "NAMIDENT":"Hodler, Ferdinand",
   "AUSST_DATUM":"24.10.1999-3.1.2000",
   "AUSST_ORT":"Wuppertal",
   "AUSST_TITEL":"Ferdinand Hodler"
 },
 {
   "sikartId":6005102,
   "TITEL":"Landschaft an der Jonction",
   "JAHR":1878,
   "URL":"http://server1102.cs.technik.fhnw.ch/bilder/51250CE1.jpg",
   "NAMIDENT":"Hodler, Ferdinand",
   "AUSST_DATUM":"24.10.1999-3.1.2000",
   "AUSST_ORT":"Wuppertal",
   "AUSST_TITEL":"Ferdinand Hodler"
 },
 {
   "sikartId":6008157,
   "TITEL":"Der Frühling",
   "JAHR":1910,
   "URL":"http://server1102.cs.technik.fhnw.ch/bilder/017772E2.jpg",
   "NAMIDENT":"Hodler, Ferdinand",
   "AUSST_DATUM":"24.10.1999-3.1.2000",
   "AUSST_ORT":"Wuppertal",
   "AUSST_TITEL":"Ferdinand Hodler"
 },
 {
   "sikartId":6004804,
   "TITEL":"Der Mönch mit Wolken",
   "JAHR":1911,
   "URL":"http://server1102.cs.technik.fhnw.ch/bilder/001614E1.jpg",
   "NAMIDENT":"Hodler, Ferdinand",
   "AUSST_DATUM":"24.10.1999-3.1.2000",
   "AUSST_ORT":"Wuppertal",
   "AUSST_TITEL":"Ferdinand Hodler"
 },
 {
   "sikartId":6004989,
   "TITEL":"Am Genfersee (Landschaftlicher Formenrhythmus)",
   "JAHR":1908,
   "URL":"http://server1102.cs.technik.fhnw.ch/bilder/009175CE1.jpg",
   "NAMIDENT":"Hodler, Ferdinand",
   "AUSST_DATUM":"24.10.1999-3.1.2000",
   "AUSST_ORT":"Wuppertal",
   "AUSST_TITEL":"Ferdinand Hodler"
 },
 {
   "sikartId":6006521,
   "TITEL":"Bildnis Gertrud Müller",
   "JAHR":1911,
   "URL":"http://server1102.cs.technik.fhnw.ch/bilder/062373E1.jpg",
   "NAMIDENT":"Hodler, Ferdinand",
   "AUSST_DATUM":"24.10.1999-3.1.2000",
   "AUSST_ORT":"Wuppertal",
   "AUSST_TITEL":"Ferdinand Hodler"
 },
 {
   "sikartId":6005372,
   "TITEL":"Blick ins Unendliche",
   "JAHR":1904,
   "URL":"http://server1102.cs.technik.fhnw.ch/bilder/72801CE1.jpg",
   "NAMIDENT":"Hodler, Ferdinand",
   "AUSST_DATUM":"24.10.1999-3.1.2000",
   "AUSST_ORT":"Wuppertal",
   "AUSST_TITEL":"Ferdinand Hodler"
 },
 {
   "sikartId":6005092,
   "TITEL":"Samoëns",
   "JAHR":1882,
   "URL":"http://server1102.cs.technik.fhnw.ch/bilder/035669E1.jpg",
   "NAMIDENT":"Hodler, Ferdinand",
   "AUSST_DATUM":"24.10.1999-3.1.2000",
   "AUSST_ORT":"Wuppertal",
   "AUSST_TITEL":"Ferdinand Hodler"
 },
 {
   "sikartId":9893572,
   "TITEL":"Am Rhoneufer",
   "JAHR":1891,
   "URL":"http://server1102.cs.technik.fhnw.ch/bilder/079119CE1.jpg",
   "NAMIDENT":"Hodler, Ferdinand",
   "AUSST_DATUM":"24.10.1999-3.1.2000",
   "AUSST_ORT":"Wuppertal",
   "AUSST_TITEL":"Ferdinand Hodler"
 },
 {
   "sikartId":9839100,
   "TITEL":"Blick ins Unendliche, Einzelfigur",
   "JAHR":1915,
   "URL":"http://server1102.cs.technik.fhnw.ch/bilder/078690E3.jpg",
   "NAMIDENT":"Hodler, Ferdinand",
   "AUSST_DATUM":"24.10.1999-3.1.2000",
   "AUSST_ORT":"Wuppertal",
   "AUSST_TITEL":"Ferdinand Hodler"
 },
 {
   "sikartId":9634253,
   "TITEL":"Der Grammont",
   "JAHR":1906,
   "URL":"http://server1102.cs.technik.fhnw.ch/bilder/075600E1.jpg",
   "NAMIDENT":"Hodler, Ferdinand",
   "AUSST_DATUM":"24.10.1999-3.1.2000",
   "AUSST_ORT":"Wuppertal",
   "AUSST_TITEL":"Ferdinand Hodler"
 },
 {
   "sikartId":10358477,
   "TITEL":"Der Grand Muveran",
   "JAHR":1912,
   "URL":"http://server1102.cs.technik.fhnw.ch/bilder/80528CE1.jpg",
   "NAMIDENT":"Hodler, Ferdinand",
   "AUSST_DATUM":"24.10.1999-3.1.2000",
   "AUSST_ORT":"Wuppertal",
   "AUSST_TITEL":"Ferdinand Hodler"
 },
 {
   "sikartId":6005037,
   "TITEL":"Genfersee mit Jura",
   "JAHR":1911,
   "URL":"http://server1102.cs.technik.fhnw.ch/bilder/031827E1.jpg",
   "NAMIDENT":"Hodler, Ferdinand",
   "AUSST_DATUM":"24.10.1999-3.1.2000",
   "AUSST_ORT":"Wuppertal",
   "AUSST_TITEL":"Ferdinand Hodler"
 },
 {
   "sikartId":10396364,
   "TITEL":"Auszug der deutschen Studenten in den Freiheitskrieg von 1813, Einzelfigur",
   "JAHR":1908,
   "URL":"http://server1102.cs.technik.fhnw.ch/bilder/80952CE1.jpg",
   "NAMIDENT":"Hodler, Ferdinand",
   "AUSST_DATUM":"24.10.1999-3.1.2000",
   "AUSST_ORT":"Wuppertal",
   "AUSST_TITEL":"Ferdinand Hodler"
 },
 {
   "sikartId":6008493,
   "TITEL":"Lied in der Ferne",
   "JAHR":1906,
   "URL":"http://server1102.cs.technik.fhnw.ch/bilder/4003CE1.jpg",
   "NAMIDENT":"Hodler, Ferdinand",
   "AUSST_DATUM":"24.10.1999-3.1.2000",
   "AUSST_ORT":"Wuppertal",
   "AUSST_TITEL":"Ferdinand Hodler"
 },
 {
   "sikartId":6005123,
   "TITEL":"Blick von Montana gegen Tour Noir, Aiguilles d'Argentière und Chardonnet",
   "JAHR":1915,
   "URL":"http://server1102.cs.technik.fhnw.ch/bilder/009255E1.jpg",
   "NAMIDENT":"Hodler, Ferdinand",
   "AUSST_DATUM":"24.10.1999-3.1.2000",
   "AUSST_ORT":"Wuppertal",
   "AUSST_TITEL":"Ferdinand Hodler"
 },
 {
   "sikartId":6006496,
   "TITEL":"Uhrmacherwerkstatt in Madrid",
   "JAHR":1878,
   "URL":"http://server1102.cs.technik.fhnw.ch/bilder/044694E1.jpg",
   "NAMIDENT":"Hodler, Ferdinand",
   "AUSST_DATUM":"24.10.1999-3.1.2000",
   "AUSST_ORT":"Wuppertal",
   "AUSST_TITEL":"Ferdinand Hodler"
 },
 {
   "sikartId":6004953,
   "TITEL":"Thuner- und Brienzersee mit Freiburgerstier",
   "JAHR":1888,
   "URL":"http://server1102.cs.technik.fhnw.ch/bilder/59995CE1.jpg",
   "NAMIDENT":"Hodler, Ferdinand",
   "AUSST_DATUM":"24.10.1999-3.1.2000",
   "AUSST_ORT":"Wuppertal",
   "AUSST_TITEL":"Ferdinand Hodler"
 },
 {
   "sikartId":6005266,
   "TITEL":"Waldbach bei Reichenbach",
   "JAHR":1902,
   "URL":"http://server1102.cs.technik.fhnw.ch/bilder/13449E2.jpg",
   "NAMIDENT":"Hodler, Ferdinand",
   "AUSST_DATUM":"24.10.1999-3.1.2000",
   "AUSST_ORT":"Wuppertal",
   "AUSST_TITEL":"Ferdinand Hodler"
 },
 {
   "sikartId":6004982,
   "TITEL":"Genfersee von Chexbres aus",
   "JAHR":1898,
   "URL":"http://server1102.cs.technik.fhnw.ch/bilder/3942DS1.jpg",
   "NAMIDENT":"Hodler, Ferdinand",
   "AUSST_DATUM":"24.10.1999-3.1.2000",
   "AUSST_ORT":"Wuppertal",
   "AUSST_TITEL":"Ferdinand Hodler"
 },
 {
   "sikartId":6005050,
   "TITEL":"Weidenbaum am Genfersee",
   "JAHR":1891,
   "URL":"http://server1102.cs.technik.fhnw.ch/bilder/043564E1.jpg",
   "NAMIDENT":"Hodler, Ferdinand",
   "AUSST_DATUM":"24.10.1999-3.1.2000",
   "AUSST_ORT":"Wuppertal",
   "AUSST_TITEL":"Ferdinand Hodler"
 },
 {
   "sikartId":6005270,
   "TITEL":"Bergbach bei Beatenberg",
   "JAHR":1910,
   "URL":"http://server1102.cs.technik.fhnw.ch/bilder/28763CE1.jpg",
   "NAMIDENT":"Hodler, Ferdinand",
   "AUSST_DATUM":"24.10.1999-3.1.2000",
   "AUSST_ORT":"Wuppertal",
   "AUSST_TITEL":"Ferdinand Hodler"
 },
 {
   "sikartId":6005167,
   "TITEL":"Landschaft im Tessin",
   "JAHR":1893,
   "URL":"http://server1102.cs.technik.fhnw.ch/bilder/067042E1.jpg",
   "NAMIDENT":"Hodler, Ferdinand",
   "AUSST_DATUM":"24.10.1999-3.1.2000",
   "AUSST_ORT":"Wuppertal",
   "AUSST_TITEL":"Ferdinand Hodler"
 },
 {
   "sikartId":6006089,
   "TITEL":"Bildnis Georges Navazza",
   "JAHR":1916,
   "URL":"http://server1102.cs.technik.fhnw.ch/bilder/007107E1.jpg",
   "NAMIDENT":"Hodler, Ferdinand",
   "AUSST_DATUM":"24.10.1999-3.1.2000",
   "AUSST_ORT":"Wuppertal",
   "AUSST_TITEL":"Ferdinand Hodler"
 },
 {
   "sikartId":6005006,
   "TITEL":"Genfersee mit Mont-Blanc am frühen Morgen (November)",
   "JAHR":1917,
   "URL":"http://server1102.cs.technik.fhnw.ch/bilder/9265E2.jpg",
   "NAMIDENT":"Hodler, Ferdinand",
   "AUSST_DATUM":"24.10.1999-3.1.2000",
   "AUSST_ORT":"Wuppertal",
   "AUSST_TITEL":"Ferdinand Hodler"
 },
 {
   "sikartId":6004999,
   "TITEL":"Genfersee mit Mont-Blanc am Nachmittag (März)",
   "JAHR":1918,
   "URL":"http://server1102.cs.technik.fhnw.ch/bilder/9260E2.jpg",
   "NAMIDENT":"Hodler, Ferdinand",
   "AUSST_DATUM":"24.10.1999-3.1.2000",
   "AUSST_ORT":"Wuppertal",
   "AUSST_TITEL":"Ferdinand Hodler"
 },
 {
   "sikartId":9870138,
   "TITEL":"Landschaft bei Madrid",
   "JAHR":1878,
   "URL":"http://server1102.cs.technik.fhnw.ch/bilder/078828E1.jpg",
   "NAMIDENT":"Hodler, Ferdinand",
   "AUSST_DATUM":"24.10.1999-3.1.2000",
   "AUSST_ORT":"Wuppertal",
   "AUSST_TITEL":"Ferdinand Hodler"
 },
 {
   "sikartId":10279895,
   "TITEL":"Die Mühle von Sous-Terre bei Genf",
   "JAHR":null,
   "URL":"http://server1102.cs.technik.fhnw.ch/bilder/80059CE1.jpg",
   "NAMIDENT":"Hodler, Ferdinand",
   "AUSST_DATUM":"24.10.1999-3.1.2000",
   "AUSST_ORT":"Wuppertal",
   "AUSST_TITEL":"Ferdinand Hodler"
 },
 {
   "sikartId":6004775,
   "TITEL":"Die Niesen-Kette von Reichenbach aus",
   "JAHR":1902,
   "URL":"http://server1102.cs.technik.fhnw.ch/bilder/031457E1.jpg",
   "NAMIDENT":"Hodler, Ferdinand",
   "AUSST_DATUM":"24.10.1999-3.1.2000",
   "AUSST_ORT":"Wuppertal",
   "AUSST_TITEL":"Ferdinand Hodler"
 },
 {
   "sikartId":6007054,
   "TITEL":"Einmütigkeit, Redner",
   "JAHR":1913,
   "URL":"http://server1102.cs.technik.fhnw.ch/bilder/43566E2.jpg",
   "NAMIDENT":"Hodler, Ferdinand",
   "AUSST_DATUM":"24.10.1999-3.1.2000",
   "AUSST_ORT":"Wuppertal",
   "AUSST_TITEL":"Ferdinand Hodler"
 },
 {
   "sikartId":6004850,
   "TITEL":"Thunersee mit Stockhornkette am Abend",
   "JAHR":1910,
   "URL":"http://server1102.cs.technik.fhnw.ch/bilder/058847E1.jpg",
   "NAMIDENT":"Hodler, Ferdinand",
   "AUSST_DATUM":"24.10.1999-3.1.2000",
   "AUSST_ORT":"Wuppertal",
   "AUSST_TITEL":"Ferdinand Hodler"
 },
 {
   "sikartId":6008482,
   "TITEL":"Der Tag, Fragment",
   "JAHR":1899,
   "URL":"http://server1102.cs.technik.fhnw.ch/bilder/66783DS1.jpg",
   "NAMIDENT":"Hodler, Ferdinand",
   "AUSST_DATUM":"24.10.1999-3.1.2000",
   "AUSST_ORT":"Wuppertal",
   "AUSST_TITEL":"Ferdinand Hodler"
 },
 {
   "sikartId":10396017,
   "TITEL":"Die Empfindung",
   "JAHR":1901,
   "URL":"http://server1102.cs.technik.fhnw.ch/bilder/80947CE1.jpg",
   "NAMIDENT":"Hodler, Ferdinand",
   "AUSST_DATUM":"24.10.1999-3.1.2000",
   "AUSST_ORT":"Wuppertal",
   "AUSST_TITEL":"Ferdinand Hodler"
 },
 {
   "sikartId":6005036,
   "TITEL":"Der Genfersee von St-Prex aus",
   "JAHR":1901,
   "URL":"http://server1102.cs.technik.fhnw.ch/bilder/031459E1.jpg",
   "NAMIDENT":"Hodler, Ferdinand",
   "AUSST_DATUM":"24.10.1999-3.1.2000",
   "AUSST_ORT":"Wuppertal",
   "AUSST_TITEL":"Ferdinand Hodler"
 },
 {
   "sikartId":6004837,
   "TITEL":"Thunersee mit Stockhornkette",
   "JAHR":1910,
   "URL":"http://server1102.cs.technik.fhnw.ch/bilder/9181CE1.jpg",
   "NAMIDENT":"Hodler, Ferdinand",
   "AUSST_DATUM":"24.10.1999-3.1.2000",
   "AUSST_ORT":"Wuppertal",
   "AUSST_TITEL":"Ferdinand Hodler"
 },
 {
   "sikartId":6005423,
   "TITEL":"Tanne bei Chamby",
   "JAHR":1905,
   "URL":"http://server1102.cs.technik.fhnw.ch/bilder/9272E2.jpg",
   "NAMIDENT":"Hodler, Ferdinand",
   "AUSST_DATUM":"24.10.1999-3.1.2000",
   "AUSST_ORT":"Wuppertal",
   "AUSST_TITEL":"Ferdinand Hodler"
 },
 {
   "sikartId":10367341,
   "TITEL":"Weib in Blumen",
   "JAHR":1904,
   "URL":"http://server1102.cs.technik.fhnw.ch/bilder/80545CE1.jpg",
   "NAMIDENT":"Hodler, Ferdinand",
   "AUSST_DATUM":"24.10.1999-3.1.2000",
   "AUSST_ORT":"Wuppertal",
   "AUSST_TITEL":"Ferdinand Hodler"
 },
 {
   "sikartId":6006390,
   "TITEL":"Näherin",
   "JAHR":1885,
   "URL":"http://server1102.cs.technik.fhnw.ch/bilder/008729E1.jpg",
   "NAMIDENT":"Hodler, Ferdinand",
   "AUSST_DATUM":"24.10.1999-3.1.2000",
   "AUSST_ORT":"Wuppertal",
   "AUSST_TITEL":"Ferdinand Hodler"
 },
 {
   "sikartId":10259109,
   "TITEL":"Die Nacht",
   "JAHR":1889,
   "URL":"http://server1102.cs.technik.fhnw.ch/bilder/23111D1.jpg",
   "NAMIDENT":"Hodler, Ferdinand",
   "AUSST_DATUM":"24.10.1999-3.1.2000",
   "AUSST_ORT":"Wuppertal",
   "AUSST_TITEL":"Ferdinand Hodler"
 },
 {
   "sikartId":6005427,
   "TITEL":"Landschaft im Tessin",
   "JAHR":1893,
   "URL":"http://server1102.cs.technik.fhnw.ch/bilder/13291E1.jpg",
   "NAMIDENT":"Hodler, Ferdinand",
   "AUSST_DATUM":"24.10.1999-3.1.2000",
   "AUSST_ORT":"Wuppertal",
   "AUSST_TITEL":"Ferdinand Hodler"
 },
 {
   "sikartId":10396068,
   "TITEL":"Thunersee mit Stockhornkette",
   "JAHR":1910,
   "URL":"http://server1102.cs.technik.fhnw.ch/bilder/80949CE1.jpg",
   "NAMIDENT":"Hodler, Ferdinand",
   "AUSST_DATUM":"24.10.1999-3.1.2000",
   "AUSST_ORT":"Wuppertal",
   "AUSST_TITEL":"Ferdinand Hodler"
 },
 {
   "sikartId":6005122,
   "TITEL":"Die Dents du Midi von Champéry aus",
   "JAHR":1916,
   "URL":"http://server1102.cs.technik.fhnw.ch/bilder/9254CE1.jpg",
   "NAMIDENT":"Hodler, Ferdinand",
   "AUSST_DATUM":"24.10.1999-3.1.2000",
   "AUSST_ORT":"Wuppertal",
   "AUSST_TITEL":"Ferdinand Hodler"
 },
 {
   "sikartId":6008726,
   "TITEL":"Die Quelle",
   "JAHR":1904,
   "URL":"http://server1102.cs.technik.fhnw.ch/bilder/040454E1.jpg",
   "NAMIDENT":"Hodler, Ferdinand",
   "AUSST_DATUM":"24.10.1999-3.1.2000",
   "AUSST_ORT":"Wuppertal",
   "AUSST_TITEL":"Ferdinand Hodler"
 },
 {
   "sikartId":9634389,
   "TITEL":"Der Pfarrer",
   "JAHR":1882,
   "URL":"http://server1102.cs.technik.fhnw.ch/bilder/075602E1.jpg",
   "NAMIDENT":"Hodler, Ferdinand",
   "AUSST_DATUM":"24.10.1999-3.1.2000",
   "AUSST_ORT":"Wuppertal",
   "AUSST_TITEL":"Ferdinand Hodler"
 },
 {
   "sikartId":10318118,
   "TITEL":"Bildnis eines Unbekannten",
   "JAHR":1884,
   "URL":"http://server1102.cs.technik.fhnw.ch/bilder/80285CE1.jpg",
   "NAMIDENT":"Hodler, Ferdinand",
   "AUSST_DATUM":"24.10.1999-3.1.2000",
   "AUSST_ORT":"Wuppertal",
   "AUSST_TITEL":"Ferdinand Hodler"
 },
 {
   "sikartId":9905760,
   "TITEL":"Bildnis Madame de R.",
   "JAHR":1893,
   "URL":"http://server1102.cs.technik.fhnw.ch/bilder/079253CE1.jpg",
   "NAMIDENT":"Hodler, Ferdinand",
   "AUSST_DATUM":"24.10.1999-3.1.2000",
   "AUSST_ORT":"Wuppertal",
   "AUSST_TITEL":"Ferdinand Hodler"
 },
 {
   "sikartId":6005093,
   "TITEL":"Am Fuss des Petit Salève",
   "JAHR":1890,
   "URL":"http://server1102.cs.technik.fhnw.ch/bilder/040458E1.jpg",
   "NAMIDENT":"Hodler, Ferdinand",
   "AUSST_DATUM":"24.10.1999-3.1.2000",
   "AUSST_ORT":"Wuppertal",
   "AUSST_TITEL":"Ferdinand Hodler"
 },
 {
   "sikartId":6006404,
   "TITEL":"Bildnis Letizia Raviola",
   "JAHR":1916,
   "URL":"http://server1102.cs.technik.fhnw.ch/bilder/018081E1.jpg",
   "NAMIDENT":"Hodler, Ferdinand",
   "AUSST_DATUM":"24.10.1999-3.1.2000",
   "AUSST_ORT":"Wuppertal",
   "AUSST_TITEL":"Ferdinand Hodler"
 },
 {
   "sikartId":6008386,
   "TITEL":"Der Holzfäller",
   "JAHR":1910,
   "URL":"http://server1102.cs.technik.fhnw.ch/bilder/040451E1.jpg",
   "NAMIDENT":"Hodler, Ferdinand",
   "AUSST_DATUM":"24.10.1999-3.1.2000",
   "AUSST_ORT":"Wuppertal",
   "AUSST_TITEL":"Ferdinand Hodler"
 },
 {
   "sikartId":6006274,
   "TITEL":"Bildnis Valentine Godé-Darel",
   "JAHR":1913,
   "URL":"http://server1102.cs.technik.fhnw.ch/bilder/1917CE1.jpg",
   "NAMIDENT":"Hodler, Ferdinand",
   "AUSST_DATUM":"24.10.1999-3.1.2000",
   "AUSST_ORT":"Wuppertal",
   "AUSST_TITEL":"Ferdinand Hodler"
 },
 {
   "sikartId":9905723,
   "TITEL":"Der Stier",
   "JAHR":1885,
   "URL":"http://server1102.cs.technik.fhnw.ch/bilder/079237CE1.jpg",
   "NAMIDENT":"Hodler, Ferdinand",
   "AUSST_DATUM":"24.10.1999-3.1.2000",
   "AUSST_ORT":"Wuppertal",
   "AUSST_TITEL":"Ferdinand Hodler"
 },
 {
   "sikartId":9905314,
   "TITEL":"Am Ufer der Maggia am Abend",
   "JAHR":1893,
   "URL":"http://server1102.cs.technik.fhnw.ch/bilder/079240CE1.jpg",
   "NAMIDENT":"Hodler, Ferdinand",
   "AUSST_DATUM":"24.10.1999-3.1.2000",
   "AUSST_ORT":"Wuppertal",
   "AUSST_TITEL":"Ferdinand Hodler"
 },
 {
   "sikartId":6005175,
   "TITEL":"Landschaft bei Madrid",
   "JAHR":1878,
   "URL":"http://server1102.cs.technik.fhnw.ch/bilder/043563E4.jpg",
   "NAMIDENT":"Hodler, Ferdinand",
   "AUSST_DATUM":"24.10.1999-3.1.2000",
   "AUSST_ORT":"Wuppertal",
   "AUSST_TITEL":"Ferdinand Hodler"
 },
 {
   "sikartId":6008014,
   "TITEL":"Die Dents du Midi von Caux aus",
   "JAHR":1917,
   "URL":"http://server1102.cs.technik.fhnw.ch/bilder/073491E1.jpg",
   "NAMIDENT":"Hodler, Ferdinand",
   "AUSST_DATUM":"1.11.1996-8.12.1996",
   "AUSST_ORT":"Takamatsu",
   "AUSST_TITEL":"Symbolisme en Europe"
 },
 {
   "sikartId":6008346,
   "TITEL":"Die Lebensmüden",
   "JAHR":1892,
   "URL":"http://server1102.cs.technik.fhnw.ch/bilder/8720E2.jpg",
   "NAMIDENT":"Hodler, Ferdinand",
   "AUSST_DATUM":"1.11.1996-8.12.1996",
   "AUSST_ORT":"Takamatsu",
   "AUSST_TITEL":"Symbolisme en Europe"
 },
 {
   "sikartId":6008157,
   "TITEL":"Der Frühling",
   "JAHR":1910,
   "URL":"http://server1102.cs.technik.fhnw.ch/bilder/017772E2.jpg",
   "NAMIDENT":"Hodler, Ferdinand",
   "AUSST_DATUM":"1.11.1996-8.12.1996",
   "AUSST_ORT":"Takamatsu",
   "AUSST_TITEL":"Symbolisme en Europe"
 },
 {
   "sikartId":6004848,
   "TITEL":"Thunersee mit Stockhornkette",
   "JAHR":1904,
   "URL":"http://server1102.cs.technik.fhnw.ch/bilder/51248DS1.jpg",
   "NAMIDENT":"Hodler, Ferdinand",
   "AUSST_DATUM":"1.11.1996-8.12.1996",
   "AUSST_ORT":"Takamatsu",
   "AUSST_TITEL":"Symbolisme en Europe"
 },
 {
   "sikartId":6008386,
   "TITEL":"Der Holzfäller",
   "JAHR":1910,
   "URL":"http://server1102.cs.technik.fhnw.ch/bilder/040451E1.jpg",
   "NAMIDENT":"Hodler, Ferdinand",
   "AUSST_DATUM":"1.11.1996-8.12.1996",
   "AUSST_ORT":"Takamatsu",
   "AUSST_TITEL":"Symbolisme en Europe"
 },
 {
   "sikartId":6005423,
   "TITEL":"Tanne bei Chamby",
   "JAHR":1905,
   "URL":"http://server1102.cs.technik.fhnw.ch/bilder/9272E2.jpg",
   "NAMIDENT":"Hodler, Ferdinand",
   "AUSST_DATUM":"21.11.1998-5.4.1999",
   "AUSST_ORT":"Riehen",
   "AUSST_TITEL":"Magie der Bäume"
 },
 {
   "sikartId":6008386,
   "TITEL":"Der Holzfäller",
   "JAHR":1910,
   "URL":"http://server1102.cs.technik.fhnw.ch/bilder/040451E1.jpg",
   "NAMIDENT":"Hodler, Ferdinand",
   "AUSST_DATUM":"21.11.1998-5.4.1999",
   "AUSST_ORT":"Riehen",
   "AUSST_TITEL":"Magie der Bäume"
 },
 {
   "sikartId":6005054,
   "TITEL":"Der Genfersee von Chexbres aus",
   "JAHR":1905,
   "URL":"http://server1102.cs.technik.fhnw.ch/bilder/051151CE1.jpg",
   "NAMIDENT":"Hodler, Ferdinand",
   "AUSST_DATUM":"4.5.1913-30.9.1913",
   "AUSST_ORT":"Mannheim",
   "AUSST_TITEL":"Ausstellung des Deutschen Künstlerbundes 1913"
 },
 {
   "sikartId":10820400,
   "TITEL":"Der Grand Muveran",
   "JAHR":1912,
   "URL":"http://server1102.cs.technik.fhnw.ch/bilder/83374DS1.jpg",
   "NAMIDENT":"Hodler, Ferdinand",
   "AUSST_DATUM":"4.5.1913-30.9.1913",
   "AUSST_ORT":"Mannheim",
   "AUSST_TITEL":"Ausstellung des Deutschen Künstlerbundes 1913"
 },
 {
   "sikartId":6004818,
   "TITEL":"Das Jungfraumassiv von Mürren aus",
   "JAHR":1911,
   "URL":"http://server1102.cs.technik.fhnw.ch/bilder/9918CE1.jpg",
   "NAMIDENT":"Hodler, Ferdinand",
   "AUSST_DATUM":"4.5.1913-30.9.1913",
   "AUSST_ORT":"Mannheim",
   "AUSST_TITEL":"Ausstellung des Deutschen Künstlerbundes 1913"
 },
 {
   "sikartId":6005065,
   "TITEL":"Genfersee mit Savoyer Alpen",
   "JAHR":1911,
   "URL":"http://server1102.cs.technik.fhnw.ch/bilder/70087E1.jpg",
   "NAMIDENT":"Hodler, Ferdinand",
   "AUSST_DATUM":"4.5.1913-30.9.1913",
   "AUSST_ORT":"Mannheim",
   "AUSST_TITEL":"Ausstellung des Deutschen Künstlerbundes 1913"
 },
 {
   "sikartId":6004947,
   "TITEL":"Blick auf den Thunersee, Stockhorn, Wimmisfluh und Niesen",
   "JAHR":1884,
   "URL":"http://server1102.cs.technik.fhnw.ch/bilder/43830C1.jpg",
   "NAMIDENT":"Hodler, Ferdinand",
   "AUSST_DATUM":"4.5.1913-30.9.1913",
   "AUSST_ORT":"Mannheim",
   "AUSST_TITEL":"Ausstellung des Deutschen Künstlerbundes 1913"
 },
 {
   "sikartId":6006496,
   "TITEL":"Uhrmacherwerkstatt in Madrid",
   "JAHR":1878,
   "URL":"http://server1102.cs.technik.fhnw.ch/bilder/044694E1.jpg",
   "NAMIDENT":"Hodler, Ferdinand",
   "AUSST_DATUM":"4.5.1913-30.9.1913",
   "AUSST_ORT":"Mannheim",
   "AUSST_TITEL":"Ausstellung des Deutschen Künstlerbundes 1913"
 },
 {
   "sikartId":10480057,
   "TITEL":"Weib und Blumen (Das Lied)",
   "JAHR":1909,
   "URL":"http://server1102.cs.technik.fhnw.ch/bilder/80484D1.jpg",
   "NAMIDENT":"Hodler, Ferdinand",
   "AUSST_DATUM":"4.5.1913-30.9.1913",
   "AUSST_ORT":"Mannheim",
   "AUSST_TITEL":"Ausstellung des Deutschen Künstlerbundes 1913"
 },
 {
   "sikartId":6004837,
   "TITEL":"Thunersee mit Stockhornkette",
   "JAHR":1910,
   "URL":"http://server1102.cs.technik.fhnw.ch/bilder/9181CE1.jpg",
   "NAMIDENT":"Hodler, Ferdinand",
   "AUSST_DATUM":"4.5.1913-30.9.1913",
   "AUSST_ORT":"Mannheim",
   "AUSST_TITEL":"Ausstellung des Deutschen Künstlerbundes 1913"
 },
 {
   "sikartId":6008386,
   "TITEL":"Der Holzfäller",
   "JAHR":1910,
   "URL":"http://server1102.cs.technik.fhnw.ch/bilder/040451E1.jpg",
   "NAMIDENT":"Hodler, Ferdinand",
   "AUSST_DATUM":"4.5.1913-30.9.1913",
   "AUSST_ORT":"Mannheim",
   "AUSST_TITEL":"Ausstellung des Deutschen Künstlerbundes 1913"
 },
 {
   "sikartId":6011121,
   "TITEL":"Winterlandschaft",
   "JAHR":1904,
   "URL":"http://server1102.cs.technik.fhnw.ch/bilder/19377DS1.jpg",
   "NAMIDENT":"Amiet, Cuno",
   "AUSST_DATUM":"21.11.1998-5.4.1999",
   "AUSST_ORT":"Riehen",
   "AUSST_TITEL":"Magie der Bäume"
 },
 {
   "sikartId":6010845,
   "TITEL":"Apfelbaum",
   "JAHR":1907,
   "URL":"http://server1102.cs.technik.fhnw.ch/bilder/29938CE1.jpg",
   "NAMIDENT":"Amiet, Cuno",
   "AUSST_DATUM":"21.11.1998-5.4.1999",
   "AUSST_ORT":"Riehen",
   "AUSST_TITEL":"Magie der Bäume"
 }
]