[
 {
   "sikartId":12557515,
   "TITEL":"Stromschnellen am St. Mary-Fluss",
   "JAHR":1868,
   "URL":"http://server1102.cs.technik.fhnw.ch/bilder/92446E1.jpg",
   "NAMIDENT":"Buchser, Frank",
   "KURZFORM":"Auktionshaus Galerie Vogler AG, Basel"
 },
 {
   "sikartId":10944006,
   "TITEL":"Backslash",
   "JAHR":2000,
   "URL":"http://server1102.cs.technik.fhnw.ch/bilder/85129D1.jpg",
   "NAMIDENT":"Danuser, Hans",
   "KURZFORM":""
 },
 {
   "sikartId":12493222,
   "TITEL":"S. J. Venner der Stadt Bern",
   "JAHR":1694,
   "URL":"http://server1102.cs.technik.fhnw.ch/bilder/91999D1.jpg",
   "NAMIDENT":"Dünz, Johannes",
   "KURZFORM":"Dobiaschofsky Auktionen, Bern"
 },
 {
   "sikartId":12482443,
   "TITEL":"Femme nerveuse",
   "JAHR":1952,
   "URL":"http://server1102.cs.technik.fhnw.ch/bilder/91691D1.jpg",
   "NAMIDENT":"Linck, Walter",
   "KURZFORM":"Dobiaschofsky Auktionen, Bern"
 },
 {
   "sikartId":10170650,
   "TITEL":"Die Gefilde der Seligen",
   "JAHR":1877,
   "URL":"http://server1102.cs.technik.fhnw.ch/bilder/27175E1.jpg",
   "NAMIDENT":"Böcklin, Arnold",
   "KURZFORM":"Museum Oskar Reinhart, Winterthur"
 },
 {
   "sikartId":12480597,
   "TITEL":"Im Spiel der Wellen",
   "JAHR":null,
   "URL":"http://server1102.cs.technik.fhnw.ch/bilder/91756E1.jpg",
   "NAMIDENT":"Böcklin, Arnold",
   "KURZFORM":"Koller Auktionen, Zürich"
 },
 {
   "sikartId":10172531,
   "TITEL":"Kornfeld mit badenden Mädchen",
   "JAHR":1863,
   "URL":"http://server1102.cs.technik.fhnw.ch/bilder/27136DS1.jpg",
   "NAMIDENT":"Böcklin, Arnold",
   "KURZFORM":"Museum Stiftung Oskar Reinhart, Winterthur"
 },
 {
   "sikartId":12517491,
   "TITEL":"Altrömische Maifeier",
   "JAHR":null,
   "URL":"http://server1102.cs.technik.fhnw.ch/bilder/92203E1.jpg",
   "NAMIDENT":"Böcklin, Arnold",
   "KURZFORM":"Galerie Koller, Zürich"
 },
 {
   "sikartId":12479294,
   "TITEL":"Bruststück eines schwarzen Mädchens",
   "JAHR":1925,
   "URL":"http://server1102.cs.technik.fhnw.ch/bilder/91847D1.jpg",
   "NAMIDENT":"Müller, Albert",
   "KURZFORM":"Christie's Zürich"
 },
 {
   "sikartId":12477237,
   "TITEL":"Das grüne Tal",
   "JAHR":1925,
   "URL":"http://server1102.cs.technik.fhnw.ch/bilder/91844D1.jpg",
   "NAMIDENT":"Müller, Albert",
   "KURZFORM":"Christie's Zürich"
 },
 {
   "sikartId":12482338,
   "TITEL":"Schneetreiben im Entlebuch",
   "JAHR":1902,
   "URL":"http://server1102.cs.technik.fhnw.ch/bilder/91686D1.jpg",
   "NAMIDENT":"Bachmann, Hans",
   "KURZFORM":"Dobiaschofsky Auktionen, Bern"
 },
 {
   "sikartId":12486249,
   "TITEL":"La vieille marine",
   "JAHR":1955,
   "URL":"http://server1102.cs.technik.fhnw.ch/bilder/91904D1.jpg",
   "NAMIDENT":"Buchet, Gustave Louis",
   "KURZFORM":"Sotheby's Zürich"
 },
 {
   "sikartId":12479412,
   "TITEL":"Blumen",
   "JAHR":1949,
   "URL":"http://server1102.cs.technik.fhnw.ch/bilder/91852D1.jpg",
   "NAMIDENT":"Buchet, Gustave Louis",
   "KURZFORM":"Christie's Zürich"
 },
 {
   "sikartId":12477086,
   "TITEL":"Corbeille de fruits",
   "JAHR":1958,
   "URL":"http://server1102.cs.technik.fhnw.ch/bilder/91841D1.jpg",
   "NAMIDENT":"Buchet, Gustave Louis",
   "KURZFORM":"Christie's Zürich"
 },
 {
   "sikartId":12485987,
   "TITEL":"Place Dauphine",
   "JAHR":1931,
   "URL":"http://server1102.cs.technik.fhnw.ch/bilder/91986D1.jpg",
   "NAMIDENT":"Chavaz, Albert",
   "KURZFORM":"Dobiaschofsky Auktionen, Bern"
 },
 {
   "sikartId":12493644,
   "TITEL":"Portrait de Célestine Varone",
   "JAHR":1940,
   "URL":"http://server1102.cs.technik.fhnw.ch/bilder/92007D1.jpg",
   "NAMIDENT":"Chavaz, Albert",
   "KURZFORM":"Dobiaschofsky Auktionen, Bern"
 },
 {
   "sikartId":12493178,
   "TITEL":"Sommerliche Seeuferpartie mit Schilf",
   "JAHR":1864,
   "URL":"http://server1102.cs.technik.fhnw.ch/bilder/91998D1.jpg",
   "NAMIDENT":"Preiswerk, Theophil",
   "KURZFORM":"Dobiaschofsky Auktionen, Bern"
 },
 {
   "sikartId":12486025,
   "TITEL":"Der Aarefischer",
   "JAHR":1949,
   "URL":"http://server1102.cs.technik.fhnw.ch/bilder/91987D1.jpg",
   "NAMIDENT":"Mühlenen, Max von",
   "KURZFORM":"Dobiaschofsky Auktionen, Bern"
 },
 {
   "sikartId":12493096,
   "TITEL":"Liegender Akt im Grünen",
   "JAHR":1924,
   "URL":"http://server1102.cs.technik.fhnw.ch/bilder/91809D1.jpg",
   "NAMIDENT":"Mühlenen, Max von",
   "KURZFORM":"Dobiaschofsky Auktionen, Bern"
 },
 {
   "sikartId":12526493,
   "TITEL":"Die farbige Stadt, Ausstellung 1927",
   "JAHR":1927,
   "URL":"http://server1102.cs.technik.fhnw.ch/bilder/92162D1.jpg",
   "NAMIDENT":"Brügger, Arnold",
   "KURZFORM":"Dobiaschofsky Auktionen, Bern"
 }
]